stock_id,name,industry,close,adv20,listed_ok,pe_hist_pct,value_pct,revenue_yoy,rev_month,bear_regime
2330,台積電,半導體,2470.0,94216353896.0,True,98.46827133479212,5.845511482254697,67.87,2026-06-01,False
2327,國巨*,電子零組件,776.0,57285988908.2,True,98.41356673960613,5.984690327070286,38.91,2026-06-01,False
2408,南亞科,半導體,439.0,47361593784.55,True,94.69320066334991,15.379262352122478,621.34,2026-06-01,False
2454,聯發科,半導體,3700.0,46768894817.0,True,97.97592997811816,7.689631176061239,2.8,2026-06-01,False
2344,華邦電,半導體,172.0,39642000620.75,True,65.8855961405927,48.8517745302714,189.88,2026-06-01,False
3481,群創,光電及I/O,57.3,36824547057.835,True,92.6328502415459,19.41544885177453,17.25,2026-06-01,False
2303,聯電,半導體,160.0,33257755897.9,True,91.84901531728666,20.80723729993041,22.85,2026-06-01,False
3037,欣興,印刷電路板,882.0,30386822898.9,True,95.73304157549234,13.848295059151008,36.31,2026-06-01,False
2308,台達電,電子零組件,1905.0,25799593768.0,True,96.49890590809628,12.282533054975643,55.43,2026-06-01,False
4958,臻鼎-KY,印刷電路板,578.0,24431559248.8,True,98.96061269146608,4.314544189283229,32.83,2026-06-01,False
8046,南電,印刷電路板,1275.0,22983321434.75,True,92.65885256014805,19.276270006958942,50.03,2026-06-01,False
3711,日月光投控,半導體,682.0,19195692865.55,True,99.72129319955407,1.3221990257480862,32.86,2026-06-01,False
6770,力積電,半導體,76.5,18679460494.89,True,86.20102214650767,28.879610299234514,68.75,2026-06-01,False
6182,合晶,半導體,166.0,16845396934.525,True,99.7036158861885,1.3917884481558804,14.11,2026-06-01,False
3189,景碩,印刷電路板,770.0,16510054958.5,True,80.6009144350098,35.00347947112039,32.27,2026-06-01,False
2409,友達,光電及I/O,27.65,15327675579.752499,True,97.43290548424739,9.88169798190675,13.83,2026-06-01,False
1303,南亞,石化,221.0,15022876908.0,True,89.57345971563981,24.356297842727905,31.79,2026-06-01,False
2317,鴻海,電腦及週邊,242.5,13481616870.7,True,91.84901531728666,20.80723729993041,52.11,2026-06-01,False
3008,大立光,消費性電子,4260.0,12622620683.0,True,99.07002188183807,3.8622129436325676,-10.46,2026-06-01,False
2449,京元電子,半導體,318.0,12110941858.6,True,99.12472647702407,3.653444676409186,28.64,2026-06-01,False
8299,群聯,半導體,1980.0,11991699429.5,True,71.49890590809628,44.05010438413361,301.0,2026-06-01,False
3443,創意,半導體,4185.0,10766461141.25,True,96.88183807439825,11.377870563674323,103.72,2026-06-01,False
2383,台光電,印刷電路板,4990.0,10707799432.5,True,98.19474835886214,6.610995128740431,120.69,2026-06-01,False
3105,穩懋,半導體,369.0,10388559158.75,True,77.94580970384372,37.36951983298539,29.55,2026-06-01,False
6239,力成,半導體,316.5,10196236432.4,True,98.41356673960613,5.984690327070286,21.71,2026-06-01,False
3017,奇鋐,電子零組件,2225.0,10044407015.0,True,83.26039387308533,32.49826026443981,66.11,2026-06-01,False
6274,台燿,印刷電路板,1295.0,9889838765.0,True,97.3741794310722,10.299234516353515,107.72,2026-06-01,False
6488,環球晶,半導體,1370.0,9482170675.0,True,99.78118161925602,1.1482254697286012,-1.63,2026-06-01,False
3661,世芯-KY,半導體,3770.0,9164092535.0,True,69.25601750547045,46.5205288796103,15.39,2026-06-01,False
2313,華通,印刷電路板,235.5,9157940224.15,True,96.2253829321663,12.874043145441894,20.96,2026-06-01,False
6213,聯茂,印刷電路板,325.0,9046786715.5,True,99.17943107221006,3.514265831593598,47.94,2026-06-01,False
2345,智邦,通信網路,2320.0,8241450868.0,True,96.33479212253829,12.595685455810719,61.16,2026-06-01,False
3026,禾伸堂,電子零組件,766.0,8174382132.4,True,98.85120350109409,4.732080723729993,33.9,2026-06-01,False
6669,緯穎,電腦及週邊,5115.0,8107277747.75,True,42.09341586944288,65.69241475295755,29.79,2026-06-01,False
5483,中美晶,半導體,259.0,7661104636.5,True,95.18958687040181,14.683368128044538,7.61,2026-06-01,False
8150,南茂,半導體,122.5,7545656868.7,True,93.32603938730854,17.849686847599163,37.23,2026-06-01,False
2492,華新科,電子零組件,341.5,6918969795.85,True,98.08533916849015,7.167710508002783,25.84,2026-06-01,False
6147,頎邦,半導體,198.0,6872927527.975,True,97.64770240700219,8.629088378566458,27.06,2026-06-01,False
5347,世界,半導體,187.5,6737237841.975,True,99.45295404814004,2.2616562282533055,33.57,2026-06-01,False
2382,廣達,電腦及週邊,352.0,6643453350.25,True,73.46827133479212,42.06680584551148,102.87,2026-06-01,False
3042,晶技,電子零組件,186.5,6593042569.0,True,98.08533916849015,7.167710508002783,19.98,2026-06-01,False
2368,金像電,印刷電路板,1005.0,6425531888.0,True,91.98084979054458,20.180932498260265,78.22,2026-06-01,False
8358,金居,印刷電路板,439.0,5994935650.75,True,96.77242888402627,11.482254697286013,43.37,2026-06-01,False
6223,旺矽,半導體,6220.0,5706350049.0,True,98.63238512035011,5.254001391788448,65.07,2026-06-01,False
3665,貿聯-KY,電子零組件,1955.0,5656003024.75,True,94.9671772428884,14.961725817675713,63.79,2026-06-01,False
2301,光寶科,電子零組件,218.0,5406266617.2,True,98.57768052516411,5.601948503827418,36.98,2026-06-01,False
3231,緯創,電腦及週邊,146.5,5404726010.65,True,57.54923413566739,55.358385525400145,53.85,2026-06-01,False
3374,精材,半導體,395.0,5386604348.75,True,92.98892988929889,18.580375782881003,61.01,2026-06-01,False
2360,致茂,電子設備,1990.0,5374120708.0,True,96.60831509846827,11.934585942936673,73.02,2026-06-01,False
5289,宜鼎,半導體,1395.0,5287919565.75,True,65.42669584245077,49.09533750869868,696.31,2026-06-01,False
2472,立隆電,電子零組件,320.0,5078305448.45,True,98.08533916849015,7.167710508002783,36.2,2026-06-01,False
2379,瑞昱,半導體,712.0,5021413003.95,True,80.79868708971554,34.9338900487126,20.6,2026-06-01,False
1802,台玻,玻璃陶瓷,61.7,5010424956.885,True,90.20979020979021,23.2428670842032,27.0,2026-06-01,False
7769,鴻勁,電子設備,6695.0,4775933372.0,True,67.54966887417218,48.01670146137787,106.54,2026-06-01,False
5274,信驊,半導體,13905.0,4695218594.75,True,91.79431072210066,21.08559498956159,67.47,2026-06-01,False
6271,同欣電,半導體,224.0,4623506478.4,True,97.21006564551422,10.508002783576895,10.56,2026-06-01,False
2881,富邦金,金融控股,125.0,4464921003.875,True,86.81619256017505,28.148921363952677,155.03,2026-05-01,False
6139,亞翔,電子設備,868.0,4458835268.85,True,90.70021881838073,23.03409881697982,49.7,2026-06-01,False
2059,川湖,金屬製品,8655.0,4419152763.5,True,99.945295404814,0.2435629784272791,220.52,2026-06-01,False
2882,國泰金,金融控股,97.3,4377059779.655,True,81.01750547045951,34.585942936673625,-42.04,2026-06-01,False
3653,健策,電子零組件,3395.0,4279431171.0,True,95.84245076586433,13.395963813500348,57.64,2026-06-01,False
6446,藥華藥,藥,1260.0,4258432717.0,True,61.81474480151229,51.98329853862212,94.88,2026-06-01,False
1326,台化,石化,68.9,4186085195.12,True,94.81627296587926,15.100904662491303,11.59,2026-06-01,False
3081,聯亞,半導體,1620.0,4185882562.0,True,81.9672131147541,33.61169102296451,128.14,2026-06-01,False
6531,愛普*,半導體,909.0,4073170244.25,True,82.73471959672338,32.98538622129436,59.48,2026-06-01,False
3450,聯鈞,通信網路,480.0,4068470284.0,True,84.32748538011697,31.24565066109951,88.18,2026-06-01,False
2404,漢唐,電子設備,1250.0,3993425235.0,True,95.73304157549234,13.848295059151008,50.9,2026-06-01,False
8261,富鼎,半導體,278.5,3927430954.875,True,99.23413566739606,3.1315240083507305,16.09,2026-06-01,False
2484,希華,電子零組件,89.6,3919468638.88,True,99.72647702407002,1.2526096033402923,-1.4,2026-06-01,False
2357,華碩,電腦及週邊,715.0,3911996951.05,True,47.155361050328224,62.14335421016005,55.63,2026-06-01,False
2481,強茂,電子零組件,167.0,3843415621.2,True,99.04386951631045,4.036186499652053,27.37,2026-06-01,False
3034,聯詠,半導體,471.5,3826580621.65,True,87.30853391684902,27.348643006263046,18.96,2026-06-01,False
2891,中信金,金融控股,63.0,3792561166.0,True,94.31072210065645,16.109951287404314,-17.9,2026-06-01,False
3260,威剛,半導體,400.5,3776062010.5,True,8.338332333533295,89.00487125956855,212.06,2026-06-01,False
2375,凱美,電子零組件,164.5,3694593474.55,True,95.29540481400439,14.613778705636744,18.39,2026-06-01,False
6442,光聖,通信網路,1350.0,3473245991.0,True,63.899613899613904,50.17397355601948,1.65,2026-06-01,False
2603,長榮,海運,200.0,3333917770.85,True,65.09324009324008,49.33890048712596,30.01,2026-06-01,False
6515,穎崴,半導體,6735.0,3277979468.75,True,93.67945823927766,17.18858733472512,287.9,2026-06-01,False
3006,晶豪科,半導體,220.0,3237004225.85,True,75.02008032128515,40.292275574112736,328.35,2026-06-01,False
3211,順達,電子零組件,426.5,3195842064.6,True,97.97592997811816,7.689631176061239,20.63,2026-06-01,False
8043,蜜望實,電子通路,153.0,3091638996.6,True,75.51892551892551,39.66597077244259,48.37,2026-06-01,False
4979,華星光,通信網路,392.0,3071789050.1,True,81.39013452914799,34.30758524704245,27.68,2026-06-01,False
6285,啟碁,通信網路,257.0,2936637524.65,True,97.5382932166302,9.324982602644399,84.37,2026-06-01,False
2618,長榮航,空運,41.9,2936196041.5225,True,21.03861517976032,80.93249826026444,26.58,2026-06-01,False
5351,鈺創,半導體,97.7,2919219084.7349997,True,85.68376068376068,29.297146833681282,657.48,2026-06-01,False
5371,中光電,光電及I/O,89.6,2864471138.8,True,99.50765864332604,2.0180932498260264,-11.35,2026-06-01,False
1815,富喬,印刷電路板,89.1,2847675544.06,True,55.3347280334728,56.57620041753654,46.36,2026-06-01,False
6415,矽力*-KY,半導體,473.0,2831464110.75,True,58.69803063457331,54.766875434933894,37.77,2026-06-01,False
6257,矽格,半導體,238.0,2824124388.05,True,99.39824945295405,2.5052192066805845,21.0,2026-06-01,False
5328,華容,電子零組件,67.0,2689933583.29,True,92.51477347340776,19.624217118997915,63.54,2026-06-01,False
2887,台新新光金,金融控股,36.15,2634937606.4475,True,91.73960612691467,21.29436325678497,329.5,2026-06-01,False
5425,台半,電子零組件,102.0,2632083631.625,True,98.57768052516411,5.601948503827418,9.46,2026-06-01,False
2412,中華電,通信網路,136.0,2611728708.4,True,87.14442013129103,27.62700069589422,11.4,2026-06-01,False
8996,高力,其他電製品,1125.0,2611249577.5,True,89.05908096280088,24.947807933194156,37.56,2026-06-01,False
2356,英業達,電腦及週邊,60.7,2585603826.14,True,74.89059080962801,40.50104384133611,61.62,2026-06-01,False
1785,光洋科,資源回收,114.0,2555743601.75,True,51.750547045951855,58.977035490605424,70.84,2026-06-01,False
3532,台勝科,半導體,471.0,2549912460.7,True,99.83588621444201,0.9046624913013221,23.71,2026-06-01,False
3491,昇達科,通信網路,1310.0,2467947273.5,True,94.41707717569786,15.93597773138483,89.38,2026-06-01,False
8028,昇陽半導體,半導體,350.0,2415182460.125,True,95.51422319474835,14.19624217118998,33.62,2026-06-01,False
4904,遠傳,通信網路,101.0,2394138283.83,True,59.84682713347921,53.23590814196242,15.9,2026-06-01,False
2455,全新,半導體,313.0,2345321734.45,True,92.94310722100656,18.858733472512178,23.55,2026-06-01,False
2377,微星,電腦及週邊,145.0,2345233064.45,True,46.00656455142232,63.22199025748086,-9.23,2026-06-01,False
2883,凱基金,金融控股,30.55,2341699586.5575,True,94.14660831509846,16.49269311064718,,2026-06-01,False
2486,一詮,電子零組件,261.5,2286273466.35,True,79.61570593149541,36.0473208072373,35.04,2026-06-01,False
2634,漢翔,機車船製造,64.5,2284574074.7400002,True,92.94310722100656,18.858733472512178,7.23,2026-06-01,False
6207,雷科,電子設備,140.5,2236259740.55,True,98.96061269146608,4.314544189283229,-2.51,2026-06-01,False
6173,信昌電,電子零組件,215.5,2226051637.625,True,98.08533916849015,7.167710508002783,29.08,2026-06-01,False
2890,永豐金,金融控股,39.85,2224351558.9625,True,99.45295404814004,2.2616562282533055,50.94,2026-06-01,False
3035,智原,半導體,203.5,2212678455.325,True,98.57768052516411,5.601948503827418,26.57,2026-06-01,False
8033,雷虎,無人載具,243.0,2188295048.65,True,67.94995187680462,47.73834377174669,19.63,2026-06-01,False
3090,日電貿,電子通路,209.0,2172986144.2,True,97.97592997811816,7.689631176061239,32.37,2026-06-01,False
3406,玉晶光,消費性電子,557.0,2164751312.45,True,46.225382932166305,62.839248434237994,4.51,2026-06-01,False
2376,技嘉,電腦及週邊,337.0,2160009597.95,True,45.67833698030634,63.32637439109256,68.55,2026-06-01,False
3264,欣銓,半導體,237.5,2150784722.625,True,99.61706783369803,1.6701461377870561,36.56,2026-06-01,False
3036,文曄,電子通路,196.0,2132909285.4,True,62.25382932166303,51.67014613778706,188.09,2026-06-01,False
6683,雍智科技,半導體,1350.0,2038415103.5,True,95.45454545454545,14.335421016005567,24.55,2026-06-01,False
2885,元大金,金融控股,66.7,2034726352.2599998,True,99.12472647702407,3.653444676409186,,2026-06-01,False
6187,萬潤,電子設備,1075.0,2034682226.0,True,87.19912472647702,27.487821851078635,87.06,2026-06-01,False
3167,大量,電子設備,851.0,2022870266.5,True,84.07341622261694,31.593597773138484,139.66,2026-06-01,False
8039,台虹,印刷電路板,199.5,2020851900.65,True,99.945295404814,0.2435629784272791,-6.57,2026-06-01,False
3044,健鼎,印刷電路板,422.0,2019784838.0,True,95.95185995623632,13.221990257480861,41.97,2026-06-01,False
3016,嘉晶,半導體,116.0,2005422344.9,True,72.99311926605505,42.51913709116214,41.17,2026-06-01,False
2884,玉山金,金融控股,34.9,1990850789.725,True,16.90371991247265,83.64648573416841,25.3,2026-06-01,False
2886,兆豐金,金融控股,46.6,1968924975.1200001,True,74.45295404814004,40.77940153096729,1.53,2026-06-01,False
2324,仁寶,電腦及週邊,35.95,1959528572.5099998,True,98.7417943107221,4.906054279749479,58.38,2026-06-01,False
3324,雙鴻,電子零組件,902.0,1938026417.5,True,59.57330415754923,53.58385525400139,62.13,2026-06-01,False
2351,順德,半導體,191.5,1894460227.95,True,97.3741794310722,10.299234516353515,51.72,2026-06-01,False
3529,力旺,半導體,2530.0,1858170899.5,True,54.26695842450766,57.27209464161448,47.05,2026-06-01,False
3533,嘉澤,電子零組件,2020.0,1845394463.25,True,93.5995623632385,17.362560890744607,17.26,2026-06-01,False
6805,富世達,電子零組件,1415.0,1843276011.0,True,8.012326656394453,89.4919972164231,32.66,2026-06-01,False
3045,台灣大,通信網路,110.5,1813545267.65,True,8.150984682713348,89.21363952679194,6.57,2026-06-01,False
3706,神達,電腦及週邊,89.9,1794013636.2,True,71.55361050328227,43.91092553931802,80.93,2026-06-01,False
2363,矽統,半導體,63.0,1778600219.65,True,38.676607642124885,67.91927627000696,74.8,2026-06-01,False
1519,華城,電機製品,691.0,1757121705.7,True,74.56387169386606,40.6402226861517,-25.78,2026-06-01,False
3163,波若威,通信網路,724.0,1743985409.0,True,89.00437636761488,25.08698677800974,-11.53,2026-06-01,False
8069,元太,光電及I/O,184.0,1743411113.1,True,36.32385120350109,69.38065414057063,-0.62,2026-06-01,False
8112,至上,電子通路,85.8,1733020787.27,True,57.65864332603938,55.25400139178844,231.17,2026-06-01,False
4931,新盛力,電子零組件,221.0,1726087954.95,True,90.99526066350711,22.477383437717467,145.09,2026-06-01,False
6282,康舒,電子零組件,53.0,1722515846.7400002,True,83.27501749475158,32.42867084203201,28.28,2026-06-01,False
6672,騰輝電子-KY,印刷電路板,267.5,1711144498.225,True,99.20634920634922,3.2707028531663185,68.12,2026-06-01,False
1717,長興,樹脂,70.8,1703195747.95,True,96.60831509846827,11.934585942936673,16.21,2026-06-01,False
6719,力智,半導體,244.0,1700804017.8,True,34.15977961432507,70.84203201113431,-3.56,2026-06-01,False
3715,定穎投控,印刷電路板,137.0,1698346249.8,True,94.43757725587145,15.727209464161449,45.48,2026-06-01,False
2458,義隆,半導體,175.5,1669901413.5,True,86.98030634573304,27.870563674321502,7.13,2026-06-01,False
3131,弘塑,電子設備,3255.0,1655743364.0,True,91.35667396061268,21.920668058455114,15.21,2026-06-01,False
2441,超豐,半導體,139.0,1637306412.7,True,99.45295404814004,2.2616562282533055,33.15,2026-06-01,False
2610,華航,空運,20.9,1628044253.53,True,11.433986102337334,87.33472512178149,28.82,2026-06-01,False
6510,精測,半導體,2680.0,1620791614.0,True,76.69584245076587,38.552540013917884,40.19,2026-06-01,False
5269,祥碩,半導體,1515.0,1614758849.5,True,9.901531728665208,88.10020876826722,-22.41,2026-06-01,False
1409,新纖,人纖,26.0,1591991066.01,True,84.95623632385121,30.48016701461378,13.44,2026-06-01,False
2395,研華,電腦及週邊,530.0,1585887390.1,True,99.34354485776805,2.8183716075156577,73.39,2026-06-01,False
3357,臺慶科,電子零組件,236.5,1577999382.025,True,94.80314960629921,15.170494084899094,57.44,2026-06-01,False
6278,台表科,印刷電路板,177.5,1575120645.5,True,91.63019693654267,21.74669450243563,9.24,2026-06-01,False
2892,第一金,金融控股,33.95,1550071778.7525,True,89.71553610503283,24.14752957550452,9.73,2026-06-01,False
6409,旭隼,電子零組件,1020.0,1545232409.0,True,34.57330415754923,70.56367432150313,5.72,2026-06-01,False
3702,大聯大,電子通路,113.5,1527996901.875,True,68.7089715536105,46.938065414057064,131.85,2026-06-01,False
6505,台塑化,輕油裂解,80.0,1526848231.28,True,47.36225087924971,62.07376478775226,18.46,2026-06-01,False
4991,環宇-KY,半導體,400.0,1525005193.7,True,79.55882352941175,36.11691022964509,55.06,2026-06-01,False
1513,中興電,電機製品,167.0,1522841123.15,True,58.20568927789934,55.045233124565065,8.31,2026-06-01,False
3293,鈊象,資訊服務,704.0,1494068270.0,True,49.179431072210065,60.5427974947808,17.18,2026-06-01,False
3583,辛耘,電子設備,830.0,1444489320.0,True,97.64770240700219,8.629088378566458,-2.67,2026-06-01,False
2451,創見,半導體,247.5,1441491864.775,True,0.05470459518599562,99.33890048712595,381.55,2026-06-01,False
6789,采鈺,半導體,526.0,1437456573.1,True,71.45769622833843,44.1892832289492,15.55,2026-06-01,False
2478,大毅,電子零組件,158.0,1429442092.95,True,98.63238512035011,5.254001391788448,35.76,2026-06-01,False
6191,精成科,印刷電路板,93.5,1408708833.69,True,86.81619256017505,28.148921363952677,10.28,2026-06-01,False
6781,AES-KY,電子零組件,1045.0,1382297271.0,True,31.916537867078826,72.79053583855254,25.58,2026-06-01,False
2645,長榮航太,機車船製造,231.5,1352366509.8,True,93.9580764488286,16.77105080027836,13.01,2026-06-01,False
2467,志聖,電子設備,620.0,1341173849.05,True,98.19474835886214,6.610995128740431,94.08,2026-06-01,False
8021,尖點,印刷電路板,505.0,1331331623.0,True,97.46675110829639,9.742519137091161,90.11,2026-06-01,False
2353,宏碁,電腦及週邊,30.75,1322184248.98,True,79.78082191780823,35.908141962421716,-3.02,2026-06-01,False
1216,統一,飲料乳品,79.0,1321152855.6299999,True,50.27352297592997,59.84690327070285,4.6,2026-06-01,False
2312,金寶,電腦及週邊,33.6,1316950276.49,True,61.44721233689205,52.12247738343771,32.7,2026-06-01,False
4938,和碩,電腦及週邊,83.2,1313329810.945,True,98.35886214442013,6.1238691718858735,15.89,2026-06-01,False
2474,可成,電子零組件,189.0,1308643093.95,True,97.59299781181619,8.977035490605429,-55.07,2026-06-01,False
5536,聖暉*,電子設備,1265.0,1287703067.75,True,98.08533916849015,7.167710508002783,24.9,2026-06-01,False
6290,良維,電子零組件,257.5,1287318731.05,True,92.28665207877462,19.97216423103688,-2.32,2026-06-01,False
8096,擎亞,電子通路,142.0,1287088039.3,True,86.35996771589993,28.60125260960334,433.49,2026-06-01,False
6197,佳必琪,電子零組件,325.5,1283755048.05,True,98.30415754923413,6.228253305497565,45.21,2026-06-01,False
3673,TPK-KY,光電及I/O,71.6,1257868318.0700002,True,24.781181619256017,77.94015309672929,7.03,2026-06-01,False
8210,勤誠,電子零組件,1175.0,1255631282.25,True,87.36323851203501,27.279053583855255,98.03,2026-06-01,False
6209,今國光,消費性電子,76.9,1243636438.0,True,1.0373443983402488,96.79888656924147,73.31,2026-06-01,False
8042,金山電,電子零組件,143.5,1228113746.975,True,23.300370828182942,79.40153096729297,51.3,2026-06-01,False
3680,家登,電子設備,516.0,1221262564.85,True,70.63447501403705,44.815588030619345,37.93,2026-06-01,False
6548,長科*,半導體,77.5,1220704272.7350001,True,98.29763866007688,6.332637439109255,37.63,2026-06-01,False
8064,東捷,電子設備,127.5,1207112960.45,True,77.08830548926015,38.34377174669451,15.95,2026-06-01,False
1605,華新,電纜,34.75,1167328733.5125,True,67.12253829321662,48.12108559498956,29.34,2026-06-01,False
3413,京鼎,電子設備,382.0,1163374919.7,True,93.5995623632385,17.362560890744607,39.75,2026-06-01,False
2609,陽明,海運,50.2,1147335631.28,True,81.45454545454545,34.23799582463465,20.18,2026-06-01,False
6175,立敦,電子零組件,110.0,1146533723.75,True,99.50765864332604,2.0180932498260264,43.96,2026-06-01,False
5434,崇越,電子通路,596.0,1135033520.2,True,99.945295404814,0.2435629784272791,32.86,2026-06-01,False
6831,邁科,電子零組件,680.0,1126921244.5,True,26.143790849673206,76.89631176061239,29.3,2026-06-01,False
6138,茂達,半導體,327.0,1121395116.875,True,87.14442013129103,27.62700069589422,11.1,2026-06-01,False
8016,矽創,半導體,295.0,1114469300.1,True,84.35448577680525,31.176061238691723,26.61,2026-06-01,False
2049,上銀,機械,332.0,1108648303.725,True,86.98030634573304,27.870563674321502,31.62,2026-06-01,False
6525,捷敏-KY,半導體,191.5,1095220430.15,True,99.67177242888403,1.4613778705636742,19.84,2026-06-01,False
1504,東元,電機製品,69.9,1094853291.16,True,91.79431072210066,21.08559498956159,0.15,2026-06-01,False
1590,亞德客-KY,機械,1350.0,1084024594.0,True,54.21225382932167,57.34168406402227,44.88,2026-06-01,False
2880,華南金,金融控股,39.4,1083657140.2800002,True,85.28446389496717,29.888656924147526,,2026-06-01,False
4966,譜瑞-KY,半導體,631.0,1083090510.5,True,31.61925601750547,73.2428670842032,12.23,2026-06-01,False
6196,帆宣,電子設備,590.0,1078343124.0,True,99.945295404814,0.2435629784272791,120.99,2026-06-01,False
4916,事欣科,電腦及週邊,110.5,1069487237.825,True,36.29139072847682,69.51983298538622,80.52,2026-06-01,False
1503,士電,電機製品,204.0,1058016134.925,True,73.63238512035011,41.78844815588031,-10.58,2026-06-01,False
1560,中砂,半導體,728.0,1030744462.2,True,99.34354485776805,2.8183716075156577,16.39,2026-06-01,False
6449,鈺邦,電子零組件,278.0,983983023.875,True,91.95842450765865,20.32011134307585,23.29,2026-06-01,False
2493,揚博,電子設備,234.5,971092147.75,True,98.85120350109409,4.732080723729993,32.06,2026-06-01,False
3019,亞光,消費性電子,141.5,969051111.175,True,37.308533916849015,68.4759916492693,13.14,2026-06-01,False
3236,千如,電子零組件,53.7,968956826.8149999,True,89.77635782747603,23.938761308281144,11.93,2026-06-01,False
4749,新應材,其他化學,860.0,968300893.1,True,11.420612813370473,87.47390396659708,24.61,2026-06-01,False
4967,十銓,半導體,225.5,963779404.225,True,0.06891798759476223,99.23451635351427,35.0,2026-06-01,False
3227,原相,半導體,190.0,957318643.3,True,42.83369803063458,65.1009046624913,21.05,2026-06-01,False
5871,中租-KY,租賃,120.5,950510645.25,True,36.87089715536105,68.6847599164927,-0.82,2026-06-01,False
3624,光頡,電子零組件,108.5,943058072.675,True,95.84245076586433,13.395963813500348,28.72,2026-06-01,False
4764,雙鍵,其他化學,328.5,929691061.375,True,90.11379800853486,23.382045929018787,22.36,2026-06-01,False
1718,中纖,石化,14.65,894887776.8975,True,74.3103448275862,41.05775922059847,1.92,2026-06-01,False
2489,瑞軒,光電及I/O,35.2,882244214.0900002,True,74.2671009771987,41.127348643006265,23.43,2026-06-01,False
2316,楠梓電,印刷電路板,177.0,878325908.475,True,49.01531728665208,60.82115518441197,27.83,2026-06-01,False
6691,洋基工程,電子設備,754.0,857759062.75,True,97.08295350957155,10.786360473208072,115.19,2026-06-01,False
2347,聯強,電子通路,87.3,854093355.37,True,87.417943107221,27.105080027835772,135.45,2026-06-01,False
3030,德律,電子設備,310.0,845475286.2,True,93.54485776805251,17.536534446764094,0.43,2026-06-01,False
3376,新日興,電子零組件,194.5,845318936.5,True,97.81181619256017,8.350730688935283,-4.76,2026-06-01,False
1514,亞力,電機製品,106.5,823714496.15,True,68.43544857768052,47.28601252609603,39.69,2026-06-01,False
2912,統一超,百貨批發,245.5,822240127.55,True,11.323851203501095,87.54349338900487,6.31,2026-06-01,False
2428,興勤,電子零組件,289.0,814959512.2,True,98.63238512035011,5.254001391788448,46.62,2026-06-01,False
6435,大中,半導體,308.5,814740644.5,True,96.38949671772428,12.45650661099513,21.6,2026-06-01,False
3605,宏致,電子零組件,84.9,813283858.77,True,89.40789473684211,24.63465553235908,29.81,2026-06-01,False
6727,亞泰金屬,電子設備,408.0,803169277.8,True,93.03519061583577,18.510786360473208,-23.9,2026-06-01,False
8110,華東,半導體,47.8,795922789.4300001,True,15.214646464646464,84.41196938065414,16.26,2026-06-01,False
1102,亞泥,水泥製造,33.0,775195204.3100001,True,48.57768052516411,61.09951287404315,-2.21,2026-06-01,False
5439,高技,印刷電路板,289.0,758913925.9,True,56.455142231947484,56.05427974947808,22.13,2026-06-01,False
1402,遠東新,人纖,27.8,757809218.33,True,46.498905908096276,62.56089074460682,12.06,2026-06-01,False
8131,福懋科,半導體,76.6,752457587.3799999,True,89.93435448577681,23.72999304105776,60.87,2026-06-01,False
6155,鈞寶,電子零組件,66.8,747485498.3199999,True,92.83369803063457,19.03270702853166,47.94,2026-06-01,False
2352,佳世達,光電及I/O,31.35,745196362.8100001,True,99.23413566739606,3.1315240083507305,-0.62,2026-06-01,False
6202,盛群,半導體,64.1,744554465.3900001,True,84.2039018250472,31.315240083507305,30.93,2026-06-01,False
1477,聚陽,成衣,219.5,736000990.475,True,20.295404814004375,81.2804453723034,0.53,2026-06-01,False
8926,台汽電,公用事業,67.0,729502821.3050001,True,5.032822757111598,91.9972164231037,1719.48,2026-06-01,False
8932,智通*,資訊服務,129.5,714068174.7,True,57.03037120359955,55.67153792623522,-3.5,2026-06-01,False
2388,威盛,半導體,72.6,709460037.08,True,82.39392020265991,33.40292275574113,34.01,2026-06-01,False
2801,彰銀,本國銀行,23.95,707980606.885,True,35.776805251641136,69.8677800974252,9.51,2026-06-01,False
3023,信邦,電子零組件,315.0,707801584.45,True,73.6870897155361,41.684064022268615,17.59,2026-06-01,False
3317,尼克森,半導體,91.7,700203783.1700001,True,99.34354485776805,2.8183716075156577,16.07,2026-06-01,False
3005,神基,電子零組件,113.5,694036197.75,True,63.7855579868709,50.34794711203897,28.59,2026-06-01,False
5386,青雲,電子通路,383.0,682408553.0,True,0.2735229759299781,98.74739039665971,442.3,2026-06-01,False
9904,寶成,鞋及旅行箱,24.6,677337037.925,True,24.452954048140043,78.35768963117606,-3.26,2026-06-01,False
3675,德微,電子零組件,317.0,676081716.7,True,98.14004376367615,6.85455810716771,29.99,2026-06-01,False
2615,萬海,海運,80.7,673053576.8100001,True,46.63545933294324,62.421711899791234,32.7,2026-06-01,False
1708,東鹼,其他化學,55.9,669666307.495,True,49.41520467836257,60.40361864996521,3.25,2026-06-01,False
2834,臺企銀,本國銀行,18.15,666612248.895,True,69.69365426695843,46.13778705636743,-7.72,2026-06-01,False
8081,致新,半導體,254.0,664332965.9,True,57.54923413566739,55.358385525400145,7.19,2026-06-01,False
6753,龍德造船,機車船製造,146.0,662304275.9,True,47.84747847478475,61.5866388308977,33.41,2026-06-01,False
2399,映泰,電腦及週邊,40.65,655460415.3525,True,57.476139978791096,55.46276965901183,-10.32,2026-06-01,False
2359,所羅門,電子通路,147.0,652621312.4,True,81.81276088252832,33.7508698677801,35.56,2026-06-01,False
4722,國精化,樹脂,253.0,650683907.525,True,98.14004376367615,6.85455810716771,26.94,2026-06-01,False
3563,牧德,電子設備,701.0,650197953.3,True,77.4617067833698,37.717466945024356,15.62,2026-06-01,False
5314,世紀*,其他,64.2,649759493.53,True,23.859649122807017,78.91440501043841,167.87,2026-06-01,False
6121,新普,電子零組件,386.5,646727493.725,True,57.27571115973742,55.601948503827415,11.5,2026-06-01,False
3221,台嘉碩,電子零組件,54.3,643818595.455,True,86.16924476797088,28.94919972164231,26.6,2026-06-01,False
7734,印能科技,電子設備,3160.0,631625406.75,True,87.27810650887574,27.41823242867084,-6.43,2026-06-01,False
2027,大成鋼,基本金屬,41.0,628589916.0649999,True,48.36165048543689,61.23869171885873,43.73,2026-06-01,False
6291,沛亨,半導體,412.5,625065578.725,True,74.96392496392497,40.36186499652053,52.99,2026-06-01,False
6414,樺漢,電腦及週邊,400.0,616872181.15,True,74.01531728665208,41.19693806541406,56.97,2026-06-01,False
2630,亞航,機車船製造,56.9,614450397.77,True,59.353348729792145,54.210160055671544,-30.49,2026-06-01,False
6472,保瑞,藥,415.5,613411179.825,True,89.49671772428884,24.4258872651357,39.22,2026-06-01,False
6176,瑞儀,光電及I/O,88.6,611644708.01,True,46.00656455142232,63.22199025748086,-15.03,2026-06-01,False
6584,南俊國際,金屬製品,643.0,607753404.15,True,43.522561863173216,64.64857341684063,40.64,2026-06-01,False
3033,威健,電子通路,54.2,605628340.5400001,True,91.68490153172867,21.53792623521225,54.45,2026-06-01,False
6944,兆聯實業,資源回收,1035.0,602169198.5,True,87.72563176895306,26.513569937369518,29.98,2026-06-01,False
1727,中華化,其他化學,91.0,597861031.455,True,86.88524590163934,28.04453723034099,19.24,2026-06-01,False
1476,儒鴻,成衣,339.0,595748723.35,True,5.306345733041575,91.64926931106471,14.42,2026-06-01,False
7788,松川精密,電子零組件,261.0,594398416.575,True,93.33333333333333,17.745302713987474,65.66,2026-06-01,False
2385,群光,光電及I/O,105.5,579909420.075,True,62.74617067833697,51.1482254697286,-5.48,2026-06-01,False
2105,正新,輪胎,33.55,575565455.8225,True,34.79212253829322,70.21572720946416,15.01,2026-06-01,False
1714,和桐,清潔劑,16.2,574126909.235,True,74.92909812819059,40.431454418928325,73.41,2026-06-01,False
5876,上海商銀,本國銀行,44.95,570582852.1625,True,47.374179431072214,62.00417536534447,-4.39,2026-06-01,False
8091,翔名,電子設備,288.0,563873862.1,True,99.83588621444201,0.9046624913013221,71.7,2026-06-01,False
5475,德宏,印刷電路板,175.5,557949629.5,True,90.79229122055675,22.89491997216423,160.08,2026-06-01,False
2476,鉅祥,電子零組件,131.5,557873393.1,True,99.45295404814004,2.2616562282533055,53.76,2026-06-01,False
6834,天二科技,電子零組件,107.0,552813392.25,True,59.130434782608695,54.41892832289492,66.46,2026-06-01,False
6526,達發,半導體,619.0,546468990.65,True,40.06024096385542,67.01461377870564,14.4,2026-06-01,False
4541,晟田,機車船製造,71.3,545096940.275,True,69.95918367346938,45.85942936673625,58.68,2026-06-01,False
2302,麗正,電子零組件,44.7,539087389.99,True,84.91921005385996,30.549756437021575,45.71,2026-06-01,False
8454,富邦媒,數位雲端,267.5,535530811.25,True,27.24288840262582,75.78288100208769,6.5,2026-06-01,False
3289,宜特,檢測驗證,160.5,532377404.0,True,91.23028391167193,22.059846903270703,-1.56,2026-06-01,False
5285,界霖,半導體,92.3,530597246.02,True,91.68490153172867,21.53792623521225,14.12,2026-06-01,False
5469,瀚宇博,印刷電路板,73.2,524609111.425,True,88.12910284463895,26.026443980514962,15.36,2026-06-01,False
4763,材料*-KY,其他化學,47.45,518102206.2200001,True,14.934354485776804,84.69032707028532,-10.11,2026-06-01,False
5880,合庫金,金融控股,25.5,516424231.3875,True,56.455142231947484,56.05427974947808,-8.4,2026-06-01,False
8086,宏捷科,半導體,127.0,514158403.35,True,25.336597307221542,77.73138482950591,16.05,2026-06-01,False
3014,聯陽,半導體,131.5,513744086.45,True,58.7527352297593,54.69728601252609,-1.12,2026-06-01,False
3455,由田,電子設備,218.0,508718407.1,True,97.86652078774617,8.1419624217119,-30.02,2026-06-01,False
7795,長廣,電子設備,563.0,502997874.75,True,93.16239316239316,18.302018093249824,62.55,2026-06-01,False
8255,朋程,電子零組件,164.5,500803292.525,True,64.05908096280088,50.0,5.78,2026-06-01,False
1319,東陽,汽車組件,75.6,499836761.06000006,True,27.02407002188184,76.13082811412664,3.04,2026-06-01,False
6829,千附精密,電子設備,231.5,485097033.725,True,98.20075757575758,6.471816283924843,69.4,2026-06-01,False
2495,普安,光電及I/O,42.6,480422952.24000007,True,86.45242596093257,28.39248434237996,40.29,2026-06-01,False
6005,群益證,證券,34.65,466884516.325,True,31.673960612691467,73.13848295059151,101.2,2026-06-01,False
4971,IET-KY,半導體,416.5,466247495.8,True,90.89595375722543,22.686151704940848,-6.26,2026-06-01,False
4973,廣穎,半導體,151.0,465391341.525,True,53.72340425531915,57.82881002087683,197.3,2026-06-01,False
1795,美時,藥,198.0,465250016.15,True,12.582056892778992,86.88239387613082,225.46,2026-06-01,False
4542,科嶠,電子設備,363.5,454175256.45,True,90.95940959409594,22.546972860125262,102.05,2026-06-01,False
4551,智伸科,汽車組件,198.0,443583122.85,True,89.22319474835886,24.77383437717467,30.66,2026-06-01,False
4576,大銀微系統,機械,211.0,441284056.55,True,52.776044915782904,58.52470424495476,62.56,2026-06-01,False
1609,大亞,電纜,38.6,439980475.7775,True,58.260393873085334,54.97564370215727,22.67,2026-06-01,False
2485,兆赫,通信網路,47.3,439479005.78999996,True,91.94139194139194,20.45929018789144,80.93,2026-06-01,False
6284,佳邦,電子零組件,88.8,439228797.675,True,92.34135667396062,19.90257480862909,6.58,2026-06-01,False
2374,佳能,消費性電子,72.0,439138305.4,True,27.554438860971526,75.50452331245651,18.97,2026-06-01,False
5904,寶雅,百貨批發,623.0,431453358.1,True,27.35229759299781,75.67849686847599,8.35,2026-06-01,False
8271,宇瞻,半導體,187.5,427897266.025,True,15.317286652078774,84.34237995824635,200.65,2026-06-01,False
5471,松翰,半導體,60.1,426221814.975,True,97.97592997811816,7.689631176061239,47.67,2026-06-01,False
2207,和泰車,車輛買賣,493.0,422489421.25,True,5.663939584644431,91.51009046624912,48.36,2026-06-01,False
8070,長華*,電子通路,51.2,419581719.38,True,98.18780889621087,6.75017397355602,32.82,2026-06-01,False
3596,智易,通信網路,189.0,418608098.25,True,58.42450765864332,54.90605427974948,3.96,2026-06-01,False
1810,和成,玻璃陶瓷,28.9,414129783.53000003,True,18.816489361702125,82.39387613082812,-11.91,2026-06-01,False
2855,統一證,證券,46.35,413149085.71,True,42.83369803063458,65.1009046624913,199.02,2026-06-01,False
2542,興富發,建設,43.35,408210972.44,True,35.44857768052516,70.07654836464857,16.47,2026-06-01,False
3059,華晶科,消費性電子,44.25,407987613.975,True,46.17067833698031,63.04801670146137,3.02,2026-06-01,False
7750,新代,機械,1955.0,407040556.0,True,60.60606060606061,52.74878218510787,151.4,2026-06-01,False
2402,毅嘉,印刷電路板,63.3,402187937.40999997,True,79.89041095890411,35.76896311760612,21.7,2026-06-01,False
2498,宏達電,消費性電子,43.35,395454300.935,True,61.517615176151764,52.052887961029924,-8.53,2026-06-01,False
2233,宇隆,汽車組件,229.5,394214618.475,True,96.93654266958424,11.134307585247043,7.58,2026-06-01,False
2436,偉詮電,半導體,61.2,391384229.98,True,13.238512035010942,86.36047320807238,18.28,2026-06-01,False
8936,國統,金屬製品,54.8,389820822.99,True,14.60612691466083,85.21224773834378,21.24,2026-06-01,False
2329,華泰,半導體,48.95,386374845.3525,True,53.89527458492975,57.62004175365344,3.62,2026-06-01,False
1809,中釉,玻璃陶瓷,43.6,373067232.0125,True,70.70240295748613,44.74599860821155,4.54,2026-06-01,False
5388,中磊,通信網路,86.6,372043013.18,True,88.8402625820569,25.36534446764092,70.83,2026-06-01,False
6788,華景電,電子設備,384.0,370866418.3,True,66.72398968185726,48.43423799582464,6.32,2026-06-01,False
4739,康普,其他化學,90.4,368749456.2,True,23.04093567251462,79.54070981210856,113.79,2026-06-01,False
6739,竹陞科技,電子設備,1215.0,367623554.0,True,62.61061946902655,51.356993736951985,101.13,2026-06-01,False
8182,加高,電子零組件,47.05,363801935.33,True,98.57768052516411,5.601948503827418,5.56,2026-06-01,False
3693,營邦,電子零組件,480.5,361876798.15,True,93.2626325639426,18.02366040361865,74.98,2026-06-01,False
2354,鴻準,電子零組件,56.4,361105999.22,True,87.417943107221,27.105080027835772,10.66,2026-06-01,False
8422,可寧衛*,資源回收,27.0,353883484.8175,True,96.88183807439825,11.377870563674323,50.34,2026-06-01,False
4915,致伸,光電及I/O,66.9,353721636.86,True,53.610503282275715,57.89839944328462,27.58,2026-06-01,False
3305,昇貿,印刷電路板,120.0,353363679.0,True,68.7089715536105,46.938065414057064,76.0,2026-06-01,False
8383,千附,電子設備,87.1,351832214.025,True,88.99521531100478,25.191370911621437,200.07,2026-06-01,False
3135,凌航,半導體,156.0,347704278.65,True,0.43859649122807015,98.12108559498957,150.02,2026-06-01,False
4908,前鼎,通信網路,151.5,345478595.9,True,96.55361050328227,12.10855949895616,29.72,2026-06-01,False
8155,博智,印刷電路板,327.5,342318609.875,True,87.63676148796499,26.722338204592898,31.9,2026-06-01,False
6658,聯策,電子設備,175.0,340615747.775,True,58.86850152905198,54.627696590118305,51.6,2026-06-01,False
2483,百容,半導體,48.3,338489312.76,True,78.7199124726477,36.95198329853862,34.28,2026-06-01,False
5443,均豪,電子設備,108.5,338252314.825,True,82.82275711159738,32.84620737647877,-10.09,2026-06-01,False
3479,安勤,電腦及週邊,146.0,334859289.775,True,87.74617067833698,26.40918580375783,27.85,2026-06-01,False
7751,竑騰,電子設備,1240.0,326034154.5,True,53.271028037383175,58.037578288100214,67.24,2026-06-01,False
7822,倍利科,電子設備,963.0,323676390.55,True,8.108108108108109,89.35281837160751,50.72,2026-06-01,False
6190,萬泰科,電子零組件,75.2,323468044.915,True,97.59299781181619,8.977035490605429,28.78,2026-06-01,False
8227,巨有科技,半導體,163.0,321238180.35,True,27.093023255813954,76.06123869171886,88.44,2026-06-01,False
2633,台灣高鐵,陸運,26.15,319671016.71000004,True,17.560175054704597,83.33333333333334,2.77,2026-06-01,False
3048,益登,電子通路,55.8,316955608.86,True,72.71581600504095,42.86708420320111,60.1,2026-06-01,False
2006,東和鋼鐵,基本金屬,72.4,316935697.23,True,40.66776135741653,66.45789839944328,9.01,2026-06-01,False
5309,系統電,汽車組件,58.0,316880677.20500004,True,85.11013215859032,30.340988169798187,4.19,2026-06-01,False
8464,億豐,五金及家具,358.5,315480207.025,True,21.061269146608318,80.86290883785665,11.73,2026-06-01,False
2421,建準,電子零組件,135.0,314452636.0,True,33.86214442013129,70.9812108559499,18.65,2026-06-01,False
2355,敬鵬,印刷電路板,46.6,313993243.555,True,58.61678004535147,54.83646485734168,4.44,2026-06-01,False
8105,凌巨,光電及I/O,17.65,313843055.065,True,96.74465920651069,11.6214335421016,-8.9,2026-06-01,False
6903,巨漢,電子設備,395.0,309906635.8,True,76.5748031496063,38.90048712595686,163.86,2026-06-01,False
4760,勤凱,電子零組件,275.5,309360076.4,True,88.60190903986525,25.678496868475992,64.8,2026-06-01,False
6640,均華,電子設備,1030.0,308773236.0,True,78.66520787746171,37.05636743215031,0.33,2026-06-01,False
6432,今展科,電子零組件,73.0,307658248.695,True,95.40481400437638,14.40501043841336,18.87,2026-06-01,False
3592,瑞鼎,半導體,246.0,299068222.3,True,72.36962488563586,43.14544189283229,18.59,2026-06-01,False
9958,世紀鋼,基本金屬,118.5,294324458.8,True,2.1334792122538295,94.78079331941545,64.09,2026-06-01,False
3265,台星科,半導體,171.0,293012773.65,True,92.5054704595186,19.693806541405706,3.58,2026-06-01,False
4977,眾達-KY,通信網路,144.0,292105723.95,True,73.41356673960613,42.240779401530965,8.08,2026-06-01,False
3576,聯合再生,光電及I/O,17.7,291655448.42,True,20.848056537102476,81.14126652748782,-9.51,2026-06-01,False
6491,晶碩,醫療耗材,359.5,291455110.5,True,36.391251518833535,69.24147529575505,33.94,2026-06-01,False
6166,凌華,電腦及週邊,128.0,289496957.125,True,39.77142857142857,67.15379262352123,25.89,2026-06-01,False
5864,致和證,證券,36.05,289401166.1125,True,19.259766963673748,82.04592901878914,107.08,2026-06-01,False
4707,磐亞,清潔劑,45.0,289343902.57,True,99.945295404814,0.2435629784272791,30.81,2026-06-01,False
6693,廣閎科,半導體,212.0,289090605.8,True,85.42963885429639,29.575504523312457,106.98,2026-06-01,False
2812,台中銀,本國銀行,20.25,283495557.255,True,72.92122538293216,42.72790535838553,16.56,2026-06-01,False
3312,弘憶股,電子通路,52.2,283077975.51,True,91.01369863013699,22.407794015309673,41.82,2026-06-01,False
6715,嘉基,電子零組件,411.0,280248837.25,True,96.125,13.013221990257481,-9.2,2026-06-01,False
2606,裕民,海運,63.6,279385176.67999995,True,33.31509846827134,71.53792623521224,35.52,2026-06-01,False
3028,增你強,電子通路,73.1,276657356.355,True,63.12910284463895,50.66109951287404,65.62,2026-06-01,False
3704,合勤控,通信網路,46.65,274904805.1775,True,79.21492921492921,36.53444676409186,47.87,2026-06-01,False
6214,精誠,資訊服務,140.0,274279644.8,True,28.118161925601747,75.15657620041753,76.9,2026-06-01,False
3094,聯傑,半導體,40.95,272931623.72249997,True,91.08315098468272,22.338204592901878,74.09,2026-06-01,False
2637,慧洋-KY,海運,82.5,271155015.765,True,64.82494529540482,49.68684759916493,57.92,2026-06-01,False
6168,宏齊,光電及I/O,26.75,270567927.9775,True,90.4143475572047,23.103688239387612,6.73,2026-06-01,False
3441,聯一光,消費性電子,69.7,262344168.91500002,True,85.22561863173217,30.062630480167012,73.63,2026-06-01,False
3498,陽程,電子設備,129.5,259837406.8,True,69.51983298538622,46.27696590118302,50.69,2026-06-01,False
9945,潤泰新,建設,26.85,259467866.3225,True,45.18599562363239,63.67432150313152,29.57,2026-06-01,False
3587,閎康,檢測驗證,272.5,258339495.275,True,95.73304157549234,13.848295059151008,11.01,2026-06-01,False
6757,台灣虎航,空運,57.9,256261999.64000002,True,15.944272445820435,84.06402226861516,27.12,2026-06-01,False
3663,鑫科,資源回收,76.0,255229338.01500002,True,98.2652490207051,6.4022268615170494,22.76,2026-06-01,False
3537,堡達,電子通路,62.1,251822170.62000003,True,94.09190371991247,16.562282533054976,26.88,2026-06-01,False
6861,睿生光電,醫療耗材,250.0,250401069.6,True,92.643391521197,19.345859429366737,12.61,2026-06-01,False
6712,長聖,生物科技,154.5,245248380.325,True,38.29431438127091,68.12804453723034,16.08,2026-06-01,False
3147,大綜,資訊服務,232.0,244132445.5,True,97.5382932166302,9.324982602644399,334.53,2026-06-01,False
6412,群電,電子零組件,83.5,241926887.82,True,74.34354485776805,40.91858037578288,-0.77,2026-06-01,False
6265,方土昶,電子通路,51.7,240984312.02999997,True,24.487594390507013,78.28810020876827,1209.51,2026-06-01,False
6670,復盛應用,其他,263.0,240343176.0,True,72.26477024070022,43.28462073764788,7.85,2026-06-01,False
6174,安碁,電子零組件,59.8,240325015.075,True,74.56236323851203,40.709812108559504,26.9,2026-06-01,False
2845,遠東銀,本國銀行,13.55,235072827.43,True,89.33260393873084,24.704244954766875,20.15,2026-06-01,False
2328,廣宇,電子零組件,49.35,232230021.64000002,True,98.03063457330416,7.515657620041753,-0.74,2026-06-01,False
9939,宏全,塑膠製品,125.5,232094232.825,True,59.40919037199125,54.03618649965205,12.13,2026-06-01,False
2915,潤泰全,百貨批發,52.8,227695352.26,True,72.21006564551422,43.389004871259566,12.84,2026-06-01,False
3615,安可,光電及I/O,45.65,225296070.09,True,68.25657894736842,47.45998608211552,-45.11,2026-06-01,False
3526,凡甲,電子零組件,312.5,225009148.75,True,77.13347921225383,38.27418232428671,29.72,2026-06-01,False
1597,直得,機械,138.5,223972447.55,True,87.14442013129103,27.62700069589422,45.25,2026-06-01,False
3551,世禾,電子設備,213.0,223514313.6,True,98.63238512035011,5.254001391788448,26.06,2026-06-01,False
8088,品安,半導體,50.3,222312971.82,True,63.50114416475973,50.45233124565066,1.02,2026-06-01,False
2305,全友,光電及I/O,34.4,221035219.37999997,True,46.370235934664244,62.63048016701461,142.33,2026-06-01,False
5243,乙盛-KY,電子零組件,96.0,220799984.7,True,64.71553610503283,49.75643702157272,38.27,2026-06-01,False
5284,jpp-KY,電子零組件,299.5,220616646.875,True,69.26159129937035,46.41614474599861,32.06,2026-06-01,False
3015,全漢,電子零組件,59.1,220052960.175,True,67.99781181619255,47.6687543493389,-14.01,2026-06-01,False
4526,東台,機械,35.25,218962852.725,True,56.33187772925764,56.158663883089766,26.68,2026-06-01,False
6538,倉和,光電及I/O,148.0,218246641.675,True,98.08342728297632,7.446068197633959,46.5,2026-06-01,False
6104,創惟,半導體,97.2,215444272.725,True,54.35168738898757,57.20250521920668,5.66,2026-06-01,False
3022,威強電,電腦及週邊,84.8,214818112.625,True,99.17943107221006,3.514265831593598,79.97,2026-06-01,False
6643,M31,半導體,412.0,214397994.5,True,96.95885509838999,10.995128740431454,-23.52,2026-06-01,False
7712,博盛半導體,半導體,160.5,213710371.025,True,76.47058823529412,38.970076548364645,49.37,2026-06-01,False
4766,南寶,樹脂,339.0,213624233.525,True,70.07658643326039,45.72025052192067,12.82,2026-06-01,False
5299,杰力,半導體,105.5,206694455.675,True,91.79431072210066,21.08559498956159,-4.2,2026-06-01,False
2393,億光,光電及I/O,69.5,205049547.56,True,66.73960612691467,48.32985386221294,10.58,2026-06-01,False
3093,港建*,電子設備,50.9,204390062.69,True,97.48358862144421,9.603340292275574,92.31,2026-06-01,False
3010,華立,電子通路,117.5,203123930.3,True,77.18818380743983,38.135003479471116,13.92,2026-06-01,False
2548,華固,建設,103.0,202587511.825,True,28.17286652078775,75.08698677800975,-88.82,2026-06-01,False
1563,巧新,汽車組件,65.1,201342460.465,True,96.97542533081285,10.925539318023661,21.46,2026-06-01,False
4772,台特化,其他化學,264.5,200598457.625,True,0.45558086560364464,98.05149617258176,272.73,2026-06-01,False
2466,冠西電,光電及I/O,121.0,200581303.475,True,50.678733031674206,59.638135003479476,53.03,2026-06-01,False
6862,三集瑞-KY,電子零組件,165.5,200172066.05,True,89.73747016706443,24.07794015309673,-1.04,2026-06-01,False
2103,台橡,橡膠原料,24.55,199944979.5425,True,85.71428571428571,29.227557411273487,40.24,2026-06-01,False
6215,和椿,電子設備,106.0,198232905.85,True,65.42669584245077,49.09533750869868,30.49,2026-06-01,False
6664,群翊,電子設備,390.0,197736428.275,True,97.48358862144421,9.603340292275574,19.32,2026-06-01,False
9914,美利達,其他,84.2,197659550.91,True,54.19029615626969,57.41127348643006,-5.51,2026-06-01,False
5498,凱崴,印刷電路板,54.0,196472224.76,True,94.04861693210394,16.63187195546277,80.28,2026-06-01,False
4961,天鈺,半導體,168.0,196263971.725,True,78.66520787746171,37.05636743215031,24.76,2026-06-01,False
7777,能率亞洲,創投,41.8,195789802.94,True,78.35820895522389,37.160751565762006,-77.03,2026-06-01,False
3694,海華,通信網路,64.4,193584326.345,True,45.55555555555556,63.395963813500344,-4.76,2026-06-01,False
3689,湧德,電子零組件,114.5,192852630.875,True,50.10940919037199,59.98608211551845,72.66,2026-06-01,False
3402,漢科,電子設備,156.5,192148302.2,True,99.78118161925602,1.1482254697286012,29.9,2026-06-01,False
8289,泰藝,電子零組件,52.4,189880346.09499997,True,87.01388888888889,27.766179540709814,29.88,2026-06-01,False
6208,日揚,電子設備,88.3,186866712.095,True,97.15536105032822,10.647181628392484,22.5,2026-06-01,False
2605,新興,海運,31.25,183189165.7825,True,22.043343653250773,80.23660403618649,51.62,2026-06-01,False
3257,虹冠電,半導體,56.8,182508527.075,True,32.38512035010941,72.44258872651356,-42.5,2026-06-01,False
6509,聚和,其他化學,50.3,180639774.1,True,50.711159737417944,59.568545581071675,8.49,2026-06-01,False
3535,晶彩科,電子設備,97.1,176575372.66500002,True,95.77464788732394,13.70911621433542,160.85,2026-06-01,False
3617,碩天,電子零組件,213.5,175588701.575,True,71.41210374639769,44.258872651356995,25.6,2026-06-01,False
6411,晶焱,半導體,86.2,174337497.96,True,83.7527352297593,31.941544885177453,9.84,2026-06-01,False
2504,國產,預拌混凝土,31.55,173212930.5,True,14.434687156970364,85.45581071677105,-18.57,2026-06-01,False
6231,系微,資訊服務,248.5,172937443.625,True,75.054704595186,40.22268615170494,16.86,2026-06-01,False
2439,美律,消費性電子,85.8,169860160.0,True,73.57768052516411,41.92762700069589,0.15,2026-06-01,False
3088,艾訊,電腦及週邊,138.0,169824467.6,True,98.30415754923413,6.228253305497565,48.37,2026-06-01,False
6477,安集,光電及I/O,41.0,169716216.16,True,96.8986905582357,11.273486430062631,-10.45,2026-06-01,False
1210,大成,油脂飼料,58.7,168492168.575,True,45.076586433260395,63.74391092553932,12.17,2026-06-01,False
5234,達興材料,光電及I/O,364.0,167888794.0,True,88.45733041575492,25.78288100208768,21.77,2026-06-01,False
3013,晟銘電,電子零組件,96.5,166623074.15,True,29.80263157894737,74.4606819763396,26.51,2026-06-01,False
3004,豐達科,機車船製造,149.0,165192796.3,True,87.90378006872852,26.235212247738342,46.56,2026-06-01,False
2465,麗臺,電腦及週邊,80.8,164941048.655,True,72.95373665480427,42.65831593597773,543.89,2026-06-01,False
8114,振樺電,電腦及週邊,194.0,163653903.55,True,34.19037199124727,70.77244258872652,19.14,2026-06-01,False
1515,力山,家電製品,44.85,161129709.575,True,82.73145108338805,33.12456506610995,6.37,2026-06-01,False
6613,朋億*,電子設備,365.0,161104396.55,True,99.61706783369803,1.6701461377870561,120.45,2026-06-01,False
3217,優群,電子零組件,155.0,160470703.4,True,14.442013129102845,85.38622129436325,2.42,2026-06-01,False
3430,奇鈦科,其他化學,139.0,159639622.1,True,95.8109559613319,13.569937369519833,58.37,2026-06-01,False
2515,中工,營造,13.0,156825343.08499998,True,45.51422319474836,63.50034794711203,-14.32,2026-06-01,False
6962,奕力-KY,半導體,34.3,156212749.27,True,82.53164556962025,33.33333333333333,-0.33,2026-06-01,False
5009,榮剛,基本金屬,34.95,155400534.2275,True,56.83807439824945,55.741127348643005,12.93,2026-06-01,False
1215,卜蜂,油脂飼料,112.5,151555577.125,True,12.964989059080963,86.43006263048017,8.69,2026-06-01,False
6517,保勝光學,消費性電子,71.0,151278317.07999998,True,98.4936268829664,5.775922059846903,6.14,2026-06-01,False
1229,聯華,油脂飼料,41.45,151089553.8875,True,23.7417943107221,78.9839944328462,-52.01,2026-06-01,False
6143,振曜,光電及I/O,103.5,151031650.3,True,39.16849015317287,67.64091858037578,30.63,2026-06-01,False
9921,巨大,其他,88.0,150919474.2,True,96.43473260494537,12.386917188587335,15.98,2026-06-01,False
3141,晶宏,半導體,67.9,150495210.575,True,79.19858573954036,36.60403618649965,10.85,2026-06-01,False
3290,東浦,電子零組件,68.0,149781692.95999998,True,17.792131532589547,83.15935977731385,88.72,2026-06-01,False
5340,建榮,印刷電路板,77.7,149169552.72,True,18.87308533916849,82.25469728601253,25.75,2026-06-01,False
2646,星宇航空,空運,21.55,149004595.105,True,80.0959232613909,35.421016005567154,40.81,2026-06-01,False
3645,達邁,印刷電路板,75.4,148247073.055,True,71.96323046618515,43.63256784968685,2.7,2026-06-01,False
6224,聚鼎,電子零組件,63.0,144572844.525,True,92.77899343544857,19.137091162143356,14.7,2026-06-01,False
6667,信紘科,電子設備,257.5,144268621.825,True,33.20568927789934,71.71189979123173,-2.5,2026-06-01,False
6188,廣明,光電及I/O,73.7,143488752.93,True,50.53763440860215,59.77731384829505,-1.9,2026-06-01,False
2727,王品,餐飲飯店,215.0,143101071.725,True,1.3915243516761544,96.17258176757133,16.59,2026-06-01,False
6937,天虹,電子設備,288.5,141226952.875,True,92.97124600638978,18.719554627696592,64.17,2026-06-01,False
1434,福懋,成衣,19.45,141195678.095,True,79.97811816192561,35.66457898399443,-1.45,2026-06-01,False
6426,統新,通信網路,171.0,141184498.8,True,96.04810996563575,13.082811412665274,103.04,2026-06-01,False
4169,泰宗,藥,266.0,140745627.45,True,93.54838709677419,17.4669450243563,4.01,2026-06-01,False
4721,美琪瑪,其他化學,76.7,140264112.535,True,18.556701030927837,82.6026443980515,-19.35,2026-06-01,False
8103,瀚荃,電子零組件,83.4,136398467.81,True,85.17505470459518,30.201809324982605,45.04,2026-06-01,False
3515,華擎,電腦及週邊,207.5,135579443.2,True,23.960612691466082,78.77522616562283,47.6,2026-06-01,False
2889,國票金,金融控股,15.85,134691436.72750002,True,59.57330415754923,53.58385525400139,100.04,2026-06-01,False
6732,昇佳電子,半導體,214.0,134411330.15,True,91.85185185185185,20.668058455114824,-14.88,2026-06-01,False
3031,佰鴻,光電及I/O,27.95,133444163.45,True,94.58424507658644,15.657620041753653,27.04,2026-06-01,False
6579,研揚,電腦及週邊,159.5,131712830.6,True,82.76805251641139,32.91579679888657,47.1,2026-06-01,False
2867,三商壽,壽險,8.91,131655769.67950001,True,91.71094580233795,21.363952679192764,154.94,2026-05-01,False
3588,通嘉,半導體,59.8,131393814.04,True,93.11163895486936,18.37160751565762,46.38,2026-06-01,False
6438,迅得,電子設備,154.5,131270758.225,True,79.64989059080962,35.977731384829504,-3.13,2026-06-01,False
6725,矽科宏晟,電子設備,320.0,130525105.2,True,74.4186046511628,40.848990953375086,15.91,2026-06-01,False
3556,禾瑞亞,半導體,68.5,130069240.16,True,81.67396061269146,33.95963813500348,66.86,2026-06-01,False
6259,百徽,電子通路,36.85,125257650.67,True,73.34919690660321,42.31036882393876,82.68,2026-06-01,False
6244,茂迪,光電及I/O,26.5,125202618.32000001,True,89.62044926413633,24.28670842032011,65.82,2026-06-01,False
4585,達明,機器人,324.0,124744353.0,True,28.272251308900525,75.01739735560194,41.88,2026-06-01,False
5522,遠雄,建設,69.4,124459264.225,True,10.722100656455142,87.96102992345163,2513.5,2026-06-01,False
2323,中環,光電及I/O,10.95,124378188.35499999,True,1.6683022571148183,95.54627696590117,38.84,2026-06-01,False
6023,元大期,期貨,106.0,123532788.2,True,61.2691466083151,52.331245650661096,86.15,2026-06-01,False
6270,倍微,電子通路,33.2,123156020.65,True,85.55798687089715,29.436325678496868,29.73,2026-06-01,False
2851,中再保,產險,36.9,121964755.755,True,2.1881838074398248,94.71120389700765,1113.15,2026-05-01,False
1709,和益,清潔劑,27.2,121934014.5325,True,77.40700218818381,37.856645789839945,70.14,2026-06-01,False
7714,創泓科技,數位雲端,201.5,120247777.275,True,98.61495844875347,5.427974947807933,122.9,2026-06-01,False
3213,茂訊,電腦及週邊,126.0,119154287.2,True,95.78774617067833,13.639526791927628,6.05,2026-06-01,False
1773,勝一,其他化學,181.5,118243265.65,True,92.6148796498906,19.51983298538622,20.49,2026-06-01,False
6890,來億-KY,鞋及旅行箱,172.5,117602982.425,True,30.118110236220474,74.32150313152401,-3.2,2026-06-01,False
2731,雄獅,旅行社,146.5,117096268.925,True,13.400182315405651,86.29088378566458,-0.46,2026-06-01,False
8163,達方,光電及I/O,35.35,116694844.52749999,True,97.92122538293216,7.967988865692415,1.08,2026-06-01,False
1582,信錦,電子零組件,76.6,116150652.00999999,True,89.05908096280088,24.947807933194156,-9.5,2026-06-01,False
6761,穩得,檢測驗證,167.5,115967962.725,True,87.58802816901408,26.791927627000696,0.86,2026-06-01,False
3152,璟德,電子零組件,253.0,115264048.2,True,7.603938730853392,89.83994432846207,23.54,2026-06-01,False
2101,南港,輪胎,34.55,114579100.98499998,True,8.18109610802224,89.14405010438414,328.25,2026-06-01,False
4968,立積,半導體,104.0,114534571.25,True,23.461012311901506,79.19276270006958,-1.09,2026-06-01,False
3029,零壹,資訊服務,104.5,114453880.375,True,68.9277899343545,46.764091858037574,13.58,2026-06-01,False
2365,昆盈,光電及I/O,31.7,111933871.30499999,True,70.52054794520548,45.093945720250524,-17.28,2026-06-01,False
6206,飛捷,電腦及週邊,125.0,111236048.75,True,73.7964989059081,41.47529575504523,26.29,2026-06-01,False
6620,漢達,藥,89.4,111014129.77000001,True,69.92481203007519,45.92901878914405,-21.75,2026-06-01,False
7749,意騰-KY,半導體,387.0,110963056.85,True,0.0,99.72164231036882,64.48,2026-06-01,False
8109,博大,電子零組件,136.5,110895582.925,True,99.56236323851203,1.8789144050104383,36.23,2026-06-01,False
2413,環科,電子零組件,44.0,108965947.5,True,54.54545454545454,56.92414752957551,33.55,2026-06-01,False
8222,寶一,機車船製造,40.2,107074865.62,True,77.22180731889469,38.06541405706332,-10.36,2026-06-01,False
9917,中保科,保全,108.0,106929216.35,True,1.5317286652078774,95.75504523312458,2.56,2026-06-01,False
4532,瑞智,家電製品,25.4,105542196.715,True,41.35667396061269,65.97077244258872,28.8,2026-06-01,False
9941,裕融,租賃,84.2,105057469.88000001,True,11.433260393873084,87.40431454418929,-4.0,2026-06-01,False
3709,鑫聯大投控,電子通路,78.0,102388368.155,True,15.153172866520787,84.48155880306193,72.07,2026-06-01,False
4952,凌通,半導體,52.2,102307066.285,True,98.08533916849015,7.167710508002783,50.03,2026-06-01,False
6909,創控,電子設備,46.9,101771554.1,True,79.43262411347519,36.39526791927627,-32.1,2026-06-01,False
3078,僑威,電子零組件,53.5,101548704.65,True,53.06345733041575,58.31593597773138,-57.6,2026-06-01,False
6261,久元,半導體,90.9,100238545.61,True,96.66301969365426,11.725817675713293,33.71,2026-06-01,False
6651,全宇昕,半導體,132.0,99740460.675,True,86.52535957607873,28.322894919972164,19.46,2026-06-01,False
3580,友威科,電子設備,91.8,98400538.315,True,97.70240700218818,8.455114822546973,-2.83,2026-06-01,False
3162,精確,汽車組件,77.4,98191308.17,True,59.7877358490566,53.30549756437022,58.73,2026-06-01,False
1608,華榮,電纜,33.25,98034662.2175,True,14.285714285714285,85.59498956158664,13.35,2026-06-01,False
1722,台肥,藥,47.8,95489842.47999999,True,96.66301969365426,11.725817675713293,-10.47,2026-06-01,False
3209,全科,電子通路,60.0,95002599.53999999,True,96.93654266958424,11.134307585247043,170.41,2026-06-01,False
6799,來頡,半導體,89.8,94993542.275,True,35.76354679802955,69.93736951983298,6.47,2026-06-01,False
3416,融程電,電腦及週邊,172.0,94816981.0,True,90.26258205689278,23.173277661795407,24.3,2026-06-01,False
6146,耕興,檢測驗證,190.5,94066073.075,True,49.562363238512035,60.264439805149614,12.74,2026-06-01,False
1623,大東電,電纜,229.5,93990454.15,True,70.79646017699115,44.676409185803756,13.63,2026-06-01,False
3708,上緯投控,樹脂,101.5,93871673.925,True,0.05470459518599562,99.33890048712595,61.7,2026-06-01,False
3003,健和興,電子零組件,66.0,93834260.015,True,99.23413566739606,3.1315240083507305,36.15,2026-06-01,False
6199,天品,其他,104.0,93605108.525,True,44.33139534883721,64.16144745998609,476.98,2026-06-01,False
6605,帝寶,汽車組件,131.0,92821878.95,True,31.89277899343545,72.86012526096033,4.45,2026-06-01,False
4123,晟德,藥,38.0,92475422.515,True,1.4272121788772598,95.96381350034795,2.93,2026-06-01,False
6177,達麗,建設,48.0,92045704.615,True,14.512471655328799,85.31663187195547,1322.16,2026-06-01,False
2520,冠德,建設,35.9,91106363.9175,True,92.28169014084507,20.041753653444676,52.31,2026-06-01,False
8074,鉅橡,印刷電路板,60.0,90843782.9,True,91.95842450765865,20.32011134307585,22.99,2026-06-01,False
9907,統一實,金屬製品,15.3,90758721.92999999,True,24.562363238512035,78.18371607515657,-6.1,2026-06-01,False
3114,好德,電子通路,35.7,90068112.03,True,66.2472647702407,48.57341684064022,-16.21,2026-06-01,False
6234,高僑,電子設備,40.0,89686284.15,True,95.30878859857482,14.54418928322895,-15.81,2026-06-01,False
6204,艾華,電子零組件,84.1,88173014.03,True,93.27133479212254,17.954070981210858,8.99,2026-06-01,False
5452,佶優,電子通路,28.85,87636516.8075,True,93.97522522522522,16.701461377870565,6.69,2026-06-01,False
8438,昶昕,資源回收,85.1,87358206.99,True,84.375,31.03688239387613,40.99,2026-06-01,False
4949,有成精密,光電及I/O,76.7,87212856.13000001,True,50.0,60.05567153792624,68.69,2026-06-01,False
3528,安馳,電子通路,89.0,86656690.22999999,True,85.88621444201313,29.0883785664579,57.4,2026-06-01,False
2201,裕隆,汽車製造,28.9,86302579.08500001,True,82.85953177257525,32.77661795407098,-8.06,2026-06-01,False
3594,磐儀,電腦及週邊,52.1,86154430.925,True,80.83687083080655,34.864300626304804,43.85,2026-06-01,False
7711,永擎,電腦及週邊,314.0,85929021.65,True,64.3312101910828,49.89561586638831,140.79,2026-06-01,False
6994,富威電力,公用事業,40.6,85575511.36,True,0.0,99.72164231036882,26.62,2026-06-01,False
5222,全訊,通信網路,121.5,84048602.725,True,97.03315881326353,10.855949895615867,-4.97,2026-06-01,False
6585,鼎基,樹脂,127.0,83886489.65,True,83.44895936570862,32.28949199721642,91.44,2026-06-01,False
3303,岱稜,石化,57.4,83538070.78,True,59.57330415754923,53.58385525400139,48.97,2026-06-01,False
4903,聯光通,通信網路,38.5,82481578.67,True,2.923976608187134,93.66736256089074,4.66,2026-06-01,False
6125,廣運,電子設備,54.8,82432813.865,True,84.66730954676953,30.89770354906054,22.57,2026-06-01,False
8050,廣積,電腦及週邊,61.1,81933141.795,True,95.56892778993435,14.022268615170494,143.6,2026-06-01,False
6279,胡連,汽車組件,119.5,81902659.05,True,12.800875273522976,86.56924147529575,41.2,2026-06-01,False
1342,八貫,塑膠製品,116.5,80768315.525,True,83.41855368882396,32.35908141962422,40.14,2026-06-01,False
2427,三商電,資訊服務,24.85,80740941.9275,True,72.21006564551422,43.389004871259566,-11.68,2026-06-01,False
1736,喬山,家電製品,129.0,80245875.7,True,9.149560117302052,88.51774530271399,14.49,2026-06-01,False
2072,世紀風電,基本金屬,144.5,79666364.3,True,2.631578947368421,94.0848990953375,101.11,2026-06-01,False
6133,金橋,電子零組件,22.7,79567019.3275,True,28.894989704873026,74.80862908837857,15.35,2026-06-01,False
5228,鈺鎧,電子零組件,48.35,78687668.9275,True,73.71007371007371,41.61447459986082,35.09,2026-06-01,False
5534,長虹,建設,81.7,78240234.425,True,92.83369803063457,19.03270702853166,124.21,2026-06-01,False
1907,永豐餘,造紙,28.4,77974230.94000001,True,59.51859956236324,53.79262352122477,12.66,2026-06-01,False
3577,泓格,電腦及週邊,138.5,77618816.875,True,89.44201312910285,24.565066109951285,85.37,2026-06-01,False
2753,八方雲集,餐飲飯店,178.5,75081257.675,True,3.74468085106383,92.9714683368128,10.85,2026-06-01,False
4105,東洋,藥,78.7,74845483.35999998,True,14.824945295404815,84.75991649269311,15.28,2026-06-01,False
4162,智擎,藥,66.4,74502358.68,True,31.564551422319475,73.34725121781489,33.92,2026-06-01,False
3581,博磊,電子設備,123.5,74495960.125,True,79.09348441926346,36.67362560890744,95.44,2026-06-01,False
6679,鈺太,半導體,239.0,74436943.85,True,27.101200686106345,75.99164926931107,9.93,2026-06-01,False
2206,三陽工業,機車船製造,64.2,73621319.725,True,58.91684901531728,54.55810716771051,-13.38,2026-06-01,False
6189,豐藝,電子通路,49.05,72913475.2175,True,93.7089715536105,17.084203201113432,4.49,2026-06-01,False
7722,LINEPAY,數位雲端,313.5,72657052.175,True,18.50899742930591,82.74182324286708,14.16,2026-06-01,False
2903,遠百,百貨批發,22.4,72115560.715,True,18.271334792122538,82.91579679888656,-2.42,2026-06-01,False
8436,大江,藥,115.5,72064197.4,True,9.190371991247265,88.44815588030619,-14.6,2026-06-01,False
6416,瑞祺電通,電腦及週邊,94.9,71537933.03,True,43.32603938730853,64.75295755045232,58.62,2026-06-01,False
6263,普萊德,通信網路,158.0,71113169.95,True,87.91028446389497,26.165622825330548,4.21,2026-06-01,False
5426,振發,電子零組件,28.05,70977149.8375,True,68.62464183381088,47.04244954766875,44.52,2026-06-01,False
6205,詮欣,電子零組件,66.8,70628305.44,True,88.89496717724289,25.260960334029225,34.36,2026-06-01,False
1904,正隆,造紙,22.4,70048009.095,True,62.855579868708965,51.04384133611691,-2.09,2026-06-01,False
4534,慶騰,機械,42.35,69198908.52000001,True,77.72511848341233,37.50869867780097,112.04,2026-06-01,False
2838,聯邦銀,本國銀行,20.9,69094235.605,True,77.07877461706784,38.413361169102295,-2.49,2026-06-01,False
4755,三福化,其他化學,135.5,69006999.05,True,93.49015317286651,17.606123869171885,15.63,2026-06-01,False
4566,時碩工業,汽車組件,65.9,68415169.215,True,95.01698754246885,14.892136395267919,44.39,2026-06-01,False
6163,華電網,通信網路,44.55,68218851.75750001,True,73.63238512035011,41.78844815588031,61.38,2026-06-01,False
2331,精英,電腦及週邊,20.4,68152974.5675,True,67.80587833219413,47.947112038970076,25.84,2026-06-01,False
6821,聯寶,電子零組件,48.1,67963848.02250001,True,77.28459530026109,37.995824634655534,2.18,2026-06-01,False
4770,上品,樹脂,226.5,67834503.1,True,91.66666666666666,21.64231036882394,-6.95,2026-06-01,False
2480,敦陽科,資訊服務,161.5,67616169.45,True,90.0984682713348,23.556019485038274,14.66,2026-06-01,False
2527,宏璟,建設,49.55,67455638.5625,True,48.6027397260274,61.02992345163535,365.12,2026-06-01,False
2597,潤弘,營造,164.5,66880870.25,True,69.80306345733041,46.03340292275574,2.95,2026-06-01,False
6235,華孚,電子零組件,42.35,66514248.64,True,29.21135646687697,74.73903966597078,-3.96,2026-06-01,False
3484,崧騰,電子零組件,51.1,66235077.4,True,49.07002188183807,60.75156576200418,9.04,2026-06-01,False
3138,耀登,通信網路,109.0,66092855.6,True,71.53392330383481,43.98051496172582,-1.44,2026-06-01,False
9938,百和,其他紡織,46.6,65431198.40500001,True,47.59299781181619,61.864996520528884,21.21,2026-06-01,False
1723,中碳,其他化學,89.7,64991405.205,True,97.59299781181619,8.977035490605429,32.12,2026-06-01,False
6126,信音,電子零組件,32.45,64793844.29,True,94.31072210065645,16.109951287404314,59.02,2026-06-01,False
6179,亞通,工程承攬,27.0,64753426.7875,True,95.04734158776402,14.822546972860126,229.22,2026-06-01,False
2348,海悅,建設,79.9,64547336.370000005,True,99.01531728665208,4.105775922059847,247.66,2026-06-01,False
4536,拓凱,其他,163.5,63165887.25,True,43.59956236323851,64.57898399443285,10.04,2026-06-01,False
2362,藍天,電腦及週邊,42.4,63004309.135000005,True,48.6870897155361,60.96033402922756,30.25,2026-06-01,False
4720,德淵,樹脂,21.9,62288976.07000001,True,62.855579868708965,51.04384133611691,25.06,2026-06-01,False
5508,永信建,建設,56.5,61935351.05,True,99.28884026258206,2.992345163535143,329.34,2026-06-01,False
8390,金益鼎,資源回收,102.5,61733240.4,True,39.332603938730855,67.5017397355602,43.96,2026-06-01,False
2543,皇昌,營造,39.75,59754931.192499995,True,27.890267798824297,75.29575504523312,105.33,2026-06-01,False
5474,聰泰,電腦及週邊,151.5,59207309.4,True,91.19256017505471,22.129436325678498,16.3,2026-06-01,False
6026,福邦證,證券,14.7,58473147.660000004,True,31.32166566083283,73.48643006263048,1448.39,2026-06-01,False
2417,圓剛,電腦及週邊,42.15,57936545.96,True,83.45549738219896,32.21990257480863,4.96,2026-06-01,False
1232,大統益,油脂飼料,162.0,57740561.1,True,42.560175054704594,65.34446764091858,16.3,2026-06-01,False
6782,視陽,醫療耗材,199.0,57625992.35,True,4.794520547945205,92.27557411273486,45.95,2026-06-01,False
2497,怡利電,汽車組件,59.6,56994803.089999996,True,40.66829665851671,66.38830897703549,52.52,2026-06-01,False
2243,宏旭-KY,汽車組件,53.0,56453886.07000001,True,40.32786885245901,66.66666666666666,-40.08,2026-06-01,False
6015,宏遠證,證券,17.3,56160775.332499996,True,25.995125913891144,77.17466945024356,270.84,2026-06-01,False
6530,創威,通信網路,74.5,56159934.435,True,78.7746170678337,36.88239387613083,8.41,2026-06-01,False
4953,緯軟,資訊服務,125.5,55907421.275,True,31.291028446389497,73.59081419624218,37.07,2026-06-01,False
1568,倉佑,汽車組件,31.75,55586739.96,True,54.01759530791789,57.55045233124565,18.2,2026-06-01,False
2204,中華,汽車製造,57.9,55346053.605,True,53.20312499999999,58.1767571329158,6.71,2026-06-01,False
8473,山林水,資源回收,46.7,55170526.5875,True,9.66022651565623,88.30897703549061,18.1,2026-06-01,False
4114,健喬,藥,33.25,54555393.589999996,True,40.53610503282275,66.52748782185108,30.68,2026-06-01,False
4556,旭然,其他電製品,116.5,54290302.075,True,85.28886241810602,29.784272790535837,14.45,2026-06-01,False
8147,正淩,電子零組件,140.5,54203807.725,True,46.32218844984802,62.700069589422405,14.91,2026-06-01,False
6227,茂綸,電子通路,113.0,53874548.7,True,72.3741794310722,43.0758524704245,84.61,2026-06-01,False
2009,第一銅,基本金屬,38.25,53777892.8275,True,59.446693657219974,53.93180236604036,15.46,2026-06-01,False
3051,力特,光電及I/O,24.05,53595737.342499994,True,78.88198757763976,36.81280445372303,42.47,2026-06-01,False
4583,台灣精銳,機械,603.0,53486929.65,True,62.96660117878192,50.800278357689635,29.98,2026-06-01,False
2211,長榮鋼,基本金屬,95.2,52106364.745,True,33.33333333333333,71.46833681280445,47.25,2026-06-01,False
5488,松普,電子零組件,16.4,52047404.83,True,71.71985815602837,43.702157272094645,79.28,2026-06-01,False
8111,立碁,光電及I/O,49.5,51607539.0,True,91.63019693654267,21.74669450243563,2.34,2026-06-01,False
1612,宏泰,電纜,31.7,51604932.415,True,18.161925601750546,83.02018093249825,-11.28,2026-06-01,False
2415,錩新,消費性電子,34.75,51503688.175,True,39.76323119777159,67.22338204592901,9.2,2026-06-01,False
4571,鈞興-KY,機械,160.0,50929395.8,True,70.06638503319252,45.78983994432846,5.51,2026-06-01,False
6603,富強鑫,機械,25.3,50674790.182500005,True,62.65413975337639,51.217814892136396,22.71,2026-06-01,False
6419,京晨科,光電及I/O,143.5,50646000.2,True,54.48449287510477,56.9937369519833,344.15,2026-06-01,False
4951,精拓科,半導體,82.7,49902115.665,True,15.789473684210526,84.13361169102296,-3.71,2026-06-01,False
5381,光譜,電機製品,25.4,49708531.03,True,22.78778386844166,79.81906750173974,16.56,2026-06-01,False
4771,望隼,醫療耗材,203.0,48646687.95,True,42.75618374558304,65.27487821851079,31.26,2026-06-01,False
4127,天良,藥,83.0,48624079.760000005,True,99.89495798319328,0.5567153792623522,41.38,2026-06-01,False
6841,長佳智能,醫療耗材,61.5,48219840.155,True,42.32804232804233,65.55323590814196,6.13,2026-06-01,False
6245,立端,電腦及週邊,80.6,48125279.629999995,True,95.56892778993435,14.022268615170494,14.08,2026-06-01,False
2547,日勝生,建設,11.1,47959071.405,True,82.97397769516729,32.707028531663184,141.99,2026-06-01,False
2850,新產,產險,147.5,47911598.375,True,91.46608315098467,21.851078636047323,2.09,2026-05-01,False
3066,李洲,光電及I/O,24.2,47599552.2675,True,99.18533604887983,3.3402922755741122,49.95,2026-06-01,False
6902,GOGOLOOK,資訊服務,131.0,47225774.3,True,4.850746268656716,92.20598469032707,36.46,2026-06-01,False
3338,泰碩,電子零組件,68.2,47162469.370000005,True,96.93654266958424,11.134307585247043,20.83,2026-06-01,False
3356,奇偶,光電及I/O,59.6,47062634.705,True,0.6575342465753425,97.42519137091162,24.09,2026-06-01,False
3284,太普高,印刷,25.95,46750158.275,True,21.428571428571427,80.61934585942937,13.11,2026-06-01,False
4533,協易機,機械,27.8,46513381.1575,True,97.61634506242906,8.768267223382047,0.49,2026-06-01,False
6716,應廣,半導體,89.1,46314624.115,True,65.75342465753424,48.921363952679194,60.58,2026-06-01,False
6573,虹揚-KY,電子零組件,22.05,46311299.239999995,True,38.90675241157556,67.78009742519137,6.57,2026-06-01,False
5236,凌陽創新,半導體,152.5,46201204.225,True,53.77593360995851,57.68963117606124,12.78,2026-06-01,False
2897,王道銀行,本國銀行,10.55,46065545.480000004,True,63.45733041575492,50.52192066805845,14.1,2026-06-01,False
3558,神準,通信網路,137.0,45546911.35,True,98.41356673960613,5.984690327070286,5.74,2026-06-01,False
6811,宏碁資訊,數位雲端,228.5,45445018.8,True,25.078698845750264,77.80097425191371,6.56,2026-06-01,False
6642,富致,電子零組件,80.6,45207645.78,True,95.46827794561933,14.265831593597772,52.49,2026-06-01,False
6957,裕慶-KY,基本金屬,249.5,44973580.275,True,99.59919839679358,1.8093249826026443,33.53,2026-06-01,False
2221,大甲,基本金屬,58.4,44900669.964999996,True,99.945295404814,0.2435629784272791,34.65,2026-06-01,False
4741,泓瀚,染料及顏料,49.5,44638557.739999995,True,95.84245076586433,13.395963813500348,32.28,2026-06-01,False
2836,高雄銀,本國銀行,12.7,44578045.05,True,52.57111597374179,58.66388308977035,14.7,2026-06-01,False
6485,點序,半導體,69.1,44410520.675,True,95.11731135066583,14.752957550452331,-6.63,2026-06-01,False
8476,台境*,資源回收,23.7,44254740.085,True,78.08489634748273,37.299930410577595,66.05,2026-06-01,False
9802,鈺齊-KY,鞋及旅行箱,75.9,44180512.815,True,31.947483588621445,72.68615170494085,15.45,2026-06-01,False
5410,國眾,電子通路,37.6,43652800.415,True,48.08533916849015,61.51704940848991,11.87,2026-06-01,False
6275,元山,電子零組件,47.2,43538125.464999996,True,61.83381088825215,51.913709116214335,-6.28,2026-06-01,False
7805,威聯通,電腦及週邊,623.0,43206730.7,True,14.17910447761194,85.66457898399443,28.11,2026-06-01,False
1307,三芳,石化,32.7,43052315.36,True,16.630196936542667,83.785664578984,11.11,2026-06-01,False
4746,台耀,藥,53.0,42927249.125,True,43.26388888888889,64.85734168406402,0.29,2026-06-01,False
3046,建碁,電腦及週邊,54.2,42365269.075,True,25.44776119402985,77.59220598469034,53.63,2026-06-01,False
3218,大學光,醫藥通路,139.5,42043378.675,True,5.798687089715536,91.09255393180237,17.08,2026-06-01,False
2539,櫻花建,建設,41.2,41732328.285000004,True,34.29978118161925,70.70285316631872,79.55,2026-06-01,False
6164,華興,光電及I/O,13.65,41476302.5575,True,99.04837430610627,3.966597077244259,28.04,2026-06-01,False
6494,九齊,半導體,56.8,41448659.980000004,True,97.93939393939394,7.8636047320807245,45.81,2026-06-01,False
3483,力致,電子零組件,81.6,41298461.839999996,True,59.73741794310722,53.37508698677801,-18.47,2026-06-01,False
1808,潤隆,建設,32.1,40590157.19,True,25.901833234772326,77.31384829505915,162537.27,2026-06-01,False
5511,德昌,營造,66.4,39240566.85,True,5.853391684901531,90.98816979819068,3.9,2026-06-01,False
8462,柏文,其他,160.0,39048608.95,True,4.689564068692206,92.41475295755045,20.11,2026-06-01,False
7703,銳澤,電子設備,196.0,39024646.525,True,70.12345679012346,45.650661099512874,25.14,2026-06-01,False
5292,華懋,電子設備,174.5,38870062.8,True,63.18252730109204,50.59151009046625,-8.28,2026-06-01,False
6873,泓德能源,光電及I/O,86.8,38800906.23,True,86.29130966952265,28.74043145441893,42.53,2026-06-01,False
1617,榮星,電纜,23.9,38793758.805,True,68.54838709677419,47.18162839248434,39.58,2026-06-01,False
6870,騰雲,數位雲端,330.0,38468142.05,True,65.74344023323616,48.99095337508699,54.55,2026-06-01,False
3652,精聯,電腦及週邊,30.8,38019693.197500005,True,25.537938844847112,77.52261656228254,-1.21,2026-06-01,False
5457,宣德,電子零組件,31.4,37801378.3425,True,93.21663019693655,18.12804453723034,2.95,2026-06-01,False
6186,新潤,建設,43.45,37704591.3,True,17.219787100814028,83.50730688935282,-97.85,2026-06-01,False
6220,岳豐,電子零組件,35.1,37675875.78,True,97.46497665110073,9.812108559498958,57.98,2026-06-01,False
6933,AMAX-KY,電腦及週邊,161.5,37583501.0,True,14.153846153846153,85.73416840640222,26.6,2026-06-01,False
6654,天正國際,電子設備,181.0,37418166.8,True,94.24860853432281,16.2839248434238,240.8,2026-06-01,False
1227,佳格,其他食品,30.25,37178220.777499996,True,62.25382932166303,51.67014613778706,-1.57,2026-06-01,False
3388,崇越電,電子通路,79.5,36937789.855000004,True,80.96280087527352,34.69032707028531,18.97,2026-06-01,False
5432,新門,電子零組件,128.5,36819680.525,True,50.19582245430809,59.91649269311065,18.54,2026-06-01,False
2420,新巨,電子零組件,59.3,36303978.269999996,True,85.83150984682713,29.15796798886569,10.73,2026-06-01,False
5521,工信,營造,10.35,36148797.14749999,True,27.51817237798546,75.5741127348643,-0.66,2026-06-01,False
2535,達欣工,營造,89.3,35735028.855000004,True,67.12253829321662,48.12108559498956,19.94,2026-06-01,False
6532,瑞耘,電子設備,73.9,35479954.17999999,True,11.597374179431071,87.2651356993737,18.65,2026-06-01,False
8478,東哥遊艇,機車船製造,155.5,35126591.7,True,1.75054704595186,95.4070981210856,76.33,2026-06-01,False
2468,華經,資訊服務,36.85,34974238.755,True,62.910284463894975,50.90466249130132,49.98,2026-06-01,False
2108,南帝,橡膠原料,28.55,34464377.2025,True,93.32603938730854,17.849686847599163,31.78,2026-06-01,False
1231,聯華食,其他食品,91.9,34175829.339999996,True,55.57986870897156,56.437021572720944,6.95,2026-06-01,False
5489,彩富,光電及I/O,48.6,33888009.475,True,73.02158273381295,42.44954766875435,14.48,2026-06-01,False
6561,是方,通信網路,323.5,33747765.65,True,0.4923413566739606,97.66875434933891,10.18,2026-06-01,False
3530,晶相光,半導體,61.0,33654020.489999995,True,36.75438596491228,68.82393876130828,24.34,2026-06-01,False
2491,吉祥全,家電製品,34.1,33059545.165,True,36.14718614718615,69.6590118302018,7.63,2026-06-01,False
4306,炎洲,石化,15.2,32924837.229999997,True,86.41439205955335,28.462073764787753,19.9,2026-06-01,False
2031,新光鋼,基本金屬,40.45,32781351.505000003,True,30.63118811881188,74.04314544189283,7.82,2026-06-01,False
1104,環泥,水泥製造,26.95,32653904.402499996,True,36.65207877461707,68.89352818371609,-18.91,2026-06-01,False
6465,威潤,通信網路,56.4,32439665.939999998,True,8.860759493670885,88.79610299234515,42.29,2026-06-01,False
2540,愛山林,建設,54.3,32132893.589999996,True,99.39824945295405,2.5052192066805845,-49.07,2026-06-01,False
3438,類比科,半導體,58.2,31960470.55,True,73.42922028766087,42.17118997912318,-6.39,2026-06-01,False
2636,台驊控股,貨運倉儲,64.1,31900603.525,True,69.80306345733041,46.03340292275574,25.18,2026-06-01,False
4163,鐿鈦,醫療耗材,127.5,31759249.875,True,99.39824945295405,2.5052192066805845,7.69,2026-06-01,False
6768,志強-KY,鞋及旅行箱,71.0,31729060.3,True,33.464257659073056,71.32915796798886,5.2,2026-06-01,False
4912,聯德控股-KY,電子零組件,87.5,31054094.425,True,96.1706783369803,12.943632567849686,53.33,2026-06-01,False
7744,崴寶,電子零組件,453.0,30931791.5,True,44.370860927152314,64.09185803757829,128.13,2026-06-01,False
8076,伍豐,電腦及週邊,24.05,30918662.4575,True,77.50865051903114,37.64787752261656,8.5,2026-06-01,False
6568,宏觀,半導體,151.0,30575647.725,True,57.87746170678337,55.11482254697286,11.01,2026-06-01,False
8240,華宏,光電及I/O,46.3,30554432.515000004,True,95.84245076586433,13.395963813500348,-7.7,2026-06-01,False
5288,豐祥-KY,機車船製造,187.5,30503694.375,True,79.97811816192561,35.66457898399443,71.59,2026-06-01,False
5490,同亨,電腦及週邊,30.45,30431189.725,True,52.94605809128631,58.38552540013918,50.22,2026-06-01,False
3546,宇峻,資訊服務,72.8,30344601.919999998,True,80.0875273522976,35.49060542797495,44.44,2026-06-01,False
8183,精星,印刷電路板,32.05,30340717.04,True,44.85776805251641,63.952679192762695,64.66,2026-06-01,False
2414,精技,電子通路,61.8,30120432.130000003,True,98.90590809628009,4.523312456506611,87.26,2026-06-01,False
1436,華友聯,建設,46.0,29998477.705000002,True,44.91247264770241,63.88308977035491,-79.41,2026-06-01,False
5291,邑昇,印刷電路板,54.7,29900141.195,True,83.24844368986983,32.5678496868476,40.5,2026-06-01,False
2030,彰源,基本金屬,17.9,29851959.547500003,True,64.96887379739672,49.40848990953375,33.89,2026-06-01,False
3169,亞信,半導體,103.0,29712940.55,True,66.3019693654267,48.50382741823243,31.41,2026-06-01,False
5258,虹堡,電腦及週邊,54.0,29394693.7,True,76.26262626262627,39.109255393180234,20.75,2026-06-01,False
6498,久禾光,消費性電子,85.0,29230469.5,True,0.0,99.72164231036882,8.38,2026-06-01,False
7786,東方風能,海運,131.0,28813874.05,True,36.075949367088604,69.72860125260961,18.58,2026-06-01,False
3444,利機,電子通路,82.7,28406032.305,True,89.16849015317287,24.843423799582464,17.06,2026-06-01,False
4137,麗豐-KY,化妝美容,96.7,28351523.97,True,13.566739606126916,86.0821155184412,22.6,2026-06-01,False
6735,美達科技,電子設備,73.6,28266451.535000004,True,77.16436637390214,38.20459290187891,15.24,2026-06-01,False
6134,萬旭,電子零組件,28.15,28092844.23,True,46.757164404223225,62.352122477383446,36.38,2026-06-01,False
6165,浪凡,數位雲端,50.9,28043684.095,True,26.51321398124467,76.61795407098121,18.44,2026-06-01,False
6122,擎邦,工程承攬,51.9,27547079.294999998,True,43.9932318104907,64.30062630480167,20.25,2026-06-01,False
6292,迅德,電子零組件,53.0,27527205.669999998,True,85.22975929978118,29.993041057759225,20.24,2026-06-01,False
7792,安葆,電機製品,226.5,27476340.75,True,0.0,99.72164231036882,28.27,2026-06-01,False
2707,晶華,餐飲飯店,179.5,27249265.625,True,17.505470459518598,83.43771746694503,13.94,2026-06-01,False
6024,群益期,期貨,65.2,27224289.76,True,39.989059080962804,67.08420320111344,124.15,2026-06-01,False
5519,隆大,建設,28.45,27037920.8625,True,20.24070021881838,81.3500347947112,3.45,2026-06-01,False
8249,菱光,光電及I/O,46.65,27018087.872500002,True,70.62363238512035,44.88517745302714,12.5,2026-06-01,False
2442,新美齊,建設,19.5,26969241.744999997,True,14.091981132075471,85.80375782881002,220.09,2026-06-01,False
6922,宸曜,電腦及週邊,171.5,26929635.25,True,40.21571648690293,66.73625608907446,39.41,2026-06-01,False
4167,松瑞藥,藥,21.55,26864457.79,True,24.57496136012365,78.07933194154488,-0.18,2026-06-01,False
6756,威鋒電子,半導體,96.0,26811878.35,True,65.9985152190052,48.782185107863604,50.06,2026-06-01,False
7780,大研生醫*,藥,17.9,26276988.380000003,True,7.8431372549019605,89.63117606123869,37.7,2026-06-01,False
1472,三洋實業,營造,89.6,26091223.97,True,12.859884836852206,86.49965205288797,13.0,2026-06-01,False
1712,興農,藥,39.55,26058866.067500003,True,70.13129102844638,45.58107167710508,4.08,2026-06-01,False
2641,正德,海運,17.5,25909102.23,True,20.872971460548406,81.07167710508003,4.73,2026-06-01,False
3564,其陽,電腦及週邊,50.2,25748849.470000003,True,91.69741697416974,21.433542101600555,30.33,2026-06-01,False
3311,閎暉,電子零組件,35.6,25661275.729999997,True,18.38989739542226,82.81141266527487,14.07,2026-06-01,False
3628,盈正,電子零組件,69.0,25653837.880000003,True,13.89496717724289,85.94293667362561,30.27,2026-06-01,False
8499,鼎炫-KY,其他電子,292.0,25555149.9,True,96.49890590809628,12.282533054975643,116.29,2026-06-01,False
3548,兆利,電子零組件,80.1,25213365.825,True,97.70240700218818,8.455114822546973,7.06,2026-06-01,False
8415,大國鋼,基本金屬,36.1,25182471.675,True,27.35229759299781,75.67849686847599,36.57,2026-06-01,False
7556,意德士,電子設備,232.5,25159540.0,True,81.8903318903319,33.6812804453723,8.78,2026-06-01,False
4303,信立,石化,44.3,25107977.919999998,True,54.908598510494244,56.78496868475992,-10.0,2026-06-01,False
6112,邁達特,資訊服務,42.25,25104283.6325,True,80.53197509903792,35.07306889352819,-2.29,2026-06-01,False
1218,泰山,油脂飼料,16.7,25035398.89,True,13.41870824053452,86.151704940849,-11.86,2026-06-01,False
5515,建國,營造,41.9,25022452.3325,True,1.8599562363238513,95.3375086986778,24.55,2026-06-01,False
2387,精元,光電及I/O,38.75,24901131.1225,True,70.43282743114109,45.233124565066106,-17.57,2026-06-01,False
2397,友通,電腦及週邊,58.3,24574501.645,True,85.28446389496717,29.888656924147526,31.37,2026-06-01,False
2607,榮運,貨運倉儲,47.3,24411002.34,True,18.98249452954048,82.18510786360473,25.41,2026-06-01,False
2015,豐興,基本金屬,64.3,24327201.705000002,True,68.05251641137856,47.59916492693111,-9.73,2026-06-01,False
2617,台航,海運,29.0,24322914.294999998,True,34.68271334792122,70.35490605427975,37.28,2026-06-01,False
7728,光焱科技,電子設備,688.0,24286921.9,True,60.06006006006006,53.16631871955463,114.18,2026-06-01,False
6859,伯特光,消費性電子,105.5,24253968.05,True,75.45662100456622,39.80514961725818,-34.46,2026-06-01,False
1256,鮮活果汁-KY,飲料乳品,189.0,24253642.025,True,31.61925601750547,73.2428670842032,52.28,2026-06-01,False
3490,單井,電子設備,29.8,24214149.65,True,11.253196930946292,87.61308281141267,-3.75,2026-06-01,False
5478,智冠,資訊服務,100.5,24159464.625,True,3.063457330415755,93.42379958246346,2.66,2026-06-01,False
6763,綠界科技*,數位雲端,43.4,24125168.19,True,0.3795066413662239,98.39944328462073,14.37,2026-06-01,False
6192,巨路,電子通路,120.5,24063971.525,True,88.67614879649891,25.5393180236604,16.94,2026-06-01,False
3501,維熹,電子零組件,40.65,23748113.4775,True,98.7417943107221,4.906054279749479,4.76,2026-06-01,False
9911,櫻花,五金及家具,84.2,23633281.615,True,36.542669584245075,69.10229645093946,6.72,2026-06-01,False
8213,志超,印刷電路板,34.1,23289402.1725,True,97.48358862144421,9.603340292275574,26.05,2026-06-01,False
3002,歐格,電子零組件,19.3,23247002.707500003,True,50.625,59.707724425887264,20.65,2026-06-01,False
6913,鴻呈,電子零組件,127.0,23174094.625,True,49.074074074074076,60.681976339596375,61.08,2026-06-01,False
5607,遠雄港,貨運倉儲,50.9,23114537.259999998,True,36.59737417943107,69.03270702853166,37.01,2026-06-01,False
2537,聯上發,建設,11.3,23005301.475,True,80.86538461538461,34.794711203897,57.68,2026-06-01,False
6546,正基,通信網路,64.2,22810637.68,True,48.162859980139025,61.37787056367432,-0.77,2026-06-01,False
6996,力領科技,半導體,180.5,22747369.6,True,52.59067357512953,58.594293667362564,49.96,2026-06-01,False
7721,微程式,數位雲端,65.6,22712326.240000002,True,67.94871794871796,47.80793319415449,18.31,2026-06-01,False
6894,衛司特,資源回收,348.0,22641954.1,True,71.65354330708661,43.77174669450243,44.54,2026-06-01,False
8341,日友,資源回收,77.1,22635356.475,True,5.25164113785558,91.7188587334725,6.99,2026-06-01,False
3703,欣陸,營造,20.75,22579337.5475,True,25.96590909090909,77.24425887265136,-5.55,2026-06-01,False
1294,漢田生技,藥,57.5,22258415.875,True,0.22988505747126436,98.8169798190675,17.44,2026-06-01,False
1584,精剛,基本金屬,20.05,21883631.4125,True,82.5488776249095,33.26374391092554,-3.21,2026-06-01,False
1522,堤維西,汽車組件,29.4,21867391.625,True,97.86652078774617,8.1419624217119,70.02,2026-06-01,False
2250,IKKA-KY,汽車組件,64.3,21758749.1,True,41.05854049719326,66.17954070981212,-3.65,2026-06-01,False
5210,寶碩,資訊服務,31.45,21758243.9025,True,33.42245989304813,71.39874739039665,-20.73,2026-06-01,False
3024,憶聲,家電製品,13.65,21611335.017500002,True,98.85120350109409,4.732080723729993,-36.91,2026-06-01,False
2612,中航,海運,54.2,21401203.229999997,True,22.246575342465754,79.95824634655533,11.7,2026-06-01,False
2745,五福,旅行社,103.5,21315944.225,True,23.930846223839854,78.84481558803061,5.98,2026-06-01,False
2453,凌群,資訊服務,52.8,21174605.04,True,49.288840262582056,60.473208072373,5.79,2026-06-01,False
3219,倚強科,電子設備,72.3,21104824.865000002,True,26.777939042089987,76.40918580375782,26.07,2026-06-01,False
3021,鴻名,電子零組件,23.6,21044332.23,True,84.84682713347921,30.68893528183716,-15.75,2026-06-01,False
4164,承業醫,醫療耗材,27.6,20837872.095,True,64.93435448577681,49.478079331941544,-38.16,2026-06-01,False
6741,91APP*-KY,數位雲端,58.5,20722348.0,True,0.8792965627498002,97.00765483646487,32.45,2026-06-01,False
5530,龍巖,靈骨塔,48.5,20607064.035,True,87.74617067833698,26.40918580375783,-8.33,2026-06-01,False
5493,三聯,電子設備,83.8,20288605.425,True,90.75492341356673,22.964509394572026,19.3,2026-06-01,False
7709,榮田,機械,71.2,20076569.04,True,86.13569321533923,29.018789144050107,-57.9,2026-06-01,False
4569,六方科-KY,電子零組件,167.5,20039956.7,True,75.06963788300835,40.15309672929715,10.89,2026-06-01,False
5609,中菲行,貨運倉儲,78.2,20009001.490000002,True,55.306345733041574,56.64578983994433,35.26,2026-06-01,False
7765,中華資安,數位雲端,226.0,19811311.9,True,8.292682926829269,89.07446068197635,6.47,2026-06-01,False
3555,博士旺,數位雲端,152.0,19648041.65,True,20.967741935483872,81.00208768267223,119.54,2026-06-01,False
5306,桂盟,自行車組件,99.2,19530292.160000004,True,66.13785557986871,48.643006263048015,31.67,2026-06-01,False
3229,晟鈦,印刷電路板,40.45,19481648.142500002,True,84.72906403940887,30.82811412665275,99.09,2026-06-01,False
1789,神隆,藥,20.65,19373248.4125,True,97.5382932166302,9.324982602644399,-3.91,2026-06-01,False
6423,億而得,半導體,72.3,19276539.85,True,90.89184060721063,22.755741127348646,171.65,2026-06-01,False
2832,台產,產險,57.2,19072187.080000002,True,52.18818380743983,58.73347251217815,7.27,2026-06-01,False
2534,宏盛,建設,17.4,18524785.3525,True,79.48577680525165,36.25608907446068,-66.02,2026-06-01,False
3306,鼎天,通信網路,45.85,18482596.32,True,22.210065645514224,80.02783576896312,1.15,2026-06-01,False
4807,日成-KY,其他,42.8,18444854.42,True,84.81283422459893,30.758524704244955,29.72,2026-06-01,False
4555,氣立,機械,49.9,18425862.1625,True,93.09827456864215,18.441196938065413,24.67,2026-06-01,False
6148,驊宏資,資訊服務,30.75,18254145.565,True,70.29540481400439,45.44189283228949,-2.86,2026-06-01,False
1784,訊聯,生物科技,63.8,18194723.32,True,31.400437636761485,73.41684064022269,5.37,2026-06-01,False
4104,佳醫,醫療耗材,72.0,18109977.94,True,59.40919037199125,54.03618649965205,16.07,2026-06-01,False
2423,固緯,電子設備,82.7,18103604.47,True,99.83588621444201,0.9046624913013221,26.66,2026-06-01,False
4736,泰博,醫療耗材,130.0,18096553.2,True,15.426695842450766,84.27279053583855,2.09,2026-06-01,False
2106,建大,輪胎,18.3,17792384.175,True,97.35221674876847,10.438413361169102,11.6,2026-06-01,False
8048,德勝,通信網路,59.1,17641666.130000003,True,89.00437636761488,25.08698677800974,130.48,2026-06-01,False
3130,一零四,數位雲端,203.5,17637869.35,True,0.38293216630196936,98.29505915100904,7.87,2026-06-01,False
6743,安普新,消費性電子,30.3,17612204.919999998,True,42.42125984251969,65.41405706332637,29.71,2026-06-01,False
5203,訊連,資訊服務,67.4,17609562.575,True,9.14826498422713,88.58733472512178,-9.77,2026-06-01,False
5706,鳳凰,旅行社,46.95,17585527.16,True,19.320327249842666,81.83716075156576,-2.89,2026-06-01,False
2906,高林,貿易,14.0,17471087.9,True,22.86652078774617,79.74947807933194,5.23,2026-06-01,False
5608,四維航,海運,14.3,17428783.2875,True,94.24703891708968,16.353514265831592,21.83,2026-06-01,False
8011,台通,通信網路,16.85,17304533.1825,True,37.5,68.26722338204593,-31.36,2026-06-01,False
9946,三發地產,建設,18.3,17171193.3275,True,7.330415754923414,89.97912317327767,-11.49,2026-06-01,False
5225,東科-KY,消費性電子,72.1,17090512.825,True,51.37931034482759,59.2205984690327,17.8,2026-06-01,False
4549,桓達,儀器設備,98.3,16862531.259999998,True,89.77024070021882,24.008350730688935,3.61,2026-06-01,False
3687,歐買尬,數位雲端,73.0,16694480.0,True,7.752442996742672,89.70076548364648,15.55,2026-06-01,False
1524,耿鼎,汽車組件,27.4,16474352.290000001,True,68.16192560175055,47.529575504523315,9.81,2026-06-01,False
2545,皇翔,建設,34.85,16402195.9875,True,73.75342465753425,41.544885177453025,-77.31,2026-06-01,False
1529,樂事綠能,電機製品,20.55,16381479.5525,True,7.10688304420817,90.11830201809326,4.51,2026-06-01,False
6690,安碁資訊,數位雲端,164.0,16295601.9,True,0.4904966278356836,97.7731384829506,7.25,2026-06-01,False
3071,協禧,電子零組件,27.5,16196346.51,True,88.8402625820569,25.36534446764092,48.38,2026-06-01,False
4933,友輝,光電及I/O,59.7,15991607.455000002,True,39.00437636761488,67.71050800278357,-21.16,2026-06-01,False
2247,汎德永業,車輛買賣,225.5,15882206.425,True,66.92857142857143,48.22546972860125,-6.99,2026-06-01,False
2070,精湛,儀器設備,56.4,15846855.275,True,94.41891004596191,15.866388308977037,33.17,2026-06-01,False
2488,漢平,消費性電子,49.5,15432541.805000002,True,57.822757111597376,55.184411969380655,36.22,2026-06-01,False
1616,億泰,電纜,20.65,15241672.427499998,True,33.63119415109667,71.18997912317327,32.05,2026-06-01,False
1565,精華,醫療耗材,95.8,15226513.985,True,38.7308533916849,67.84968684759917,-16.8,2026-06-01,False
9942,茂順,汽車組件,125.5,15017224.975,True,76.2035010940919,39.24843423799583,26.64,2026-06-01,False
6776,展碁國際,電子通路,55.4,14966042.13,True,78.94327894327894,36.74321503131524,50.7,2026-06-01,False
6150,撼訊,電腦及週邊,60.4,14961403.385,True,61.03542234332425,52.470424495476685,-30.19,2026-06-01,False
4129,聯合,醫療耗材,92.6,14744295.870000001,True,17.61487964989059,83.22894919972164,17.08,2026-06-01,False
2511,太子,建設,8.64,14734344.915000001,True,60.393873085339166,52.95755045233125,76.56,2026-06-01,False
1786,科妍,醫療耗材,52.4,14719429.77,True,47.75711159737418,61.72581767571329,0.95,2026-06-01,False
3705,永信,藥,55.5,14518340.505,True,98.19474835886214,6.610995128740431,-21.98,2026-06-01,False
2852,第一保,產險,26.9,14408960.815000001,True,32.439824945295406,72.37299930410578,-6.81,2026-06-01,False
1734,杏輝,藥,32.5,14386510.725,True,34.779516358463724,70.28531663187195,3.78,2026-06-01,False
5251,天鉞電,光電及I/O,27.8,14275509.99,True,87.5,26.931106471816285,38.64,2026-06-01,False
5315,光聯,光電及I/O,19.85,14256925.930000002,True,29.59518599562363,74.59986082115519,-8.35,2026-06-01,False
2066,世德,汽車組件,66.9,13955103.844999999,True,99.34354485776805,2.8183716075156577,23.53,2026-06-01,False
2364,倫飛,電腦及週邊,70.8,13918603.64,True,25.6,77.45302713987473,60.06,2026-06-01,False
6895,宏碩系統,電子設備,129.0,13813484.55,True,24.608819345661452,78.00974251913709,-43.64,2026-06-01,False
1725,元禎,其他化學,29.95,13763918.329999998,True,71.60831509846827,43.84133611691023,-23.87,2026-06-01,False
1720,生達,藥,64.5,13733086.930000002,True,25.601750547045953,77.38343771746695,9.11,2026-06-01,False
7715,裕山,資源回收,36.35,13717238.8,True,98.89196675900277,4.592901878914405,-74.34,2026-06-01,False
4729,熒茂,光電及I/O,20.1,13713130.295000002,True,84.90566037735849,30.619345859429366,-0.76,2026-06-01,False
6277,宏正,光電及I/O,74.2,13664560.194999998,True,97.92122538293216,7.967988865692415,35.12,2026-06-01,False
2528,皇普,建設,22.25,13502242.184999999,True,26.968503937007878,76.27000695894223,-5.37,2026-06-01,False
6161,捷波,電腦及週邊,51.7,13430179.37,True,85.61269146608315,29.366736256089077,42.67,2026-06-01,False
1586,和勤,電子零組件,18.0,13337423.025,True,89.87341772151899,23.799582463465555,25.16,2026-06-01,False
6906,現觀科,資訊服務,71.4,13213557.98,True,27.860696517412936,75.36534446764091,3.5,2026-06-01,False
1532,勤美,機械,23.55,12985303.692499999,True,72.87655719139298,42.79749478079332,20.39,2026-06-01,False
7810,捷創科技,電子設備,198.0,12901584.775,True,2.2556390977443606,94.50243562978427,116.46,2026-06-01,False
9925,新保,保全,41.4,12864439.8,True,62.36323851203501,51.496172581767574,3.31,2026-06-01,False
6923,中台,資源回收,78.9,12856251.625,True,59.403669724770644,54.14057063326374,40.72,2026-06-01,False
6863,永道-KY,通信網路,105.0,12836477.6,True,97.38805970149254,10.160055671537926,80.81,2026-06-01,False
8072,陞泰,電子通路,28.2,12678120.15,True,27.142857142857142,75.85247042449548,32.68,2026-06-01,False
1611,中電,家電製品,12.65,12658732.725,True,96.75645959318307,11.551844119693806,-11.41,2026-06-01,False
2546,根基,營造,95.7,12621918.3,True,68.8183807439825,46.83368128044537,44.27,2026-06-01,False
2462,良得電,電子零組件,21.35,12368122.2375,True,96.26822157434403,12.734864300626306,-4.57,2026-06-01,False
4561,健椿,機械,39.0,12348564.352500001,True,89.66083150984683,24.21711899791232,43.42,2026-06-01,False
4974,亞泰,光電及I/O,69.5,12225930.525,True,92.66958424507659,19.206680584551147,17.23,2026-06-01,False
6417,韋僑,通信網路,123.5,12221007.65,True,30.962800875273523,73.76478775226165,26.62,2026-06-01,False
2905,三商,百貨批發,15.5,12002175.895,True,84.16206261510129,31.3848295059151,-19.95,2026-05-01,False
2755,揚秦,餐飲飯店,105.5,11994867.125,True,20.17738359201774,81.41962421711901,18.34,2026-06-01,False
2248,華勝-KY,汽車組件,65.4,11993863.57,True,97.86585365853658,8.281141266527488,106.59,2026-06-01,False
1702,南僑,油脂飼料,33.65,11957364.09,True,99.83588621444201,0.9046624913013221,2.76,2026-06-01,False
5512,力麒,建設,8.01,11860820.2375,True,64.33607520564041,49.82602644398052,9.76,2026-06-01,False
3607,谷崧,電子零組件,15.8,11840047.754999999,True,28.482972136222912,74.87821851078637,15.11,2026-06-01,False
2228,劍麟,汽車組件,80.7,11812642.52,True,77.78993435448578,37.439109255393184,2.24,2026-06-01,False
6241,鑫永洋,通信網路,17.7,11740762.459999999,True,55.46719681908549,56.50661099512874,-1.18,2026-06-01,False
1713,國化,染料及顏料,48.2,11690849.459999999,True,13.949671772428884,85.87334725121781,-7.68,2026-06-01,False
6790,永豐實,造紙,38.95,11537379.8425,True,37.48925193465176,68.33681280445373,-4.83,2026-06-01,False
4416,三圓,建設,10.5,11512796.5075,True,47.71863117870723,61.79540709812108,256.72,2026-06-01,False
6115,鎰勝,電子零組件,45.7,11438438.73,True,72.70240700218818,42.936673625608904,15.96,2026-06-01,False
8099,大世科,資訊服務,58.3,11415776.514999999,True,42.77899343544858,65.20528879610299,85.46,2026-06-01,False
2762,世界健身-KY,其他,86.1,11395031.67,True,7.226890756302522,90.04871259568546,8.88,2026-06-01,False
1604,聲寶,家電製品,23.6,11291142.4725,True,73.57768052516411,41.92762700069589,6.76,2026-06-01,False
6151,晉倫,石化,37.7,11141499.53,True,87.69146608315098,26.583159359777316,16.04,2026-06-01,False
3379,彬台,機械,32.85,11113708.1125,True,27.12066905615293,75.92205984690327,-49.32,2026-06-01,False
3540,曜越,電子零組件,21.55,11020886.995,True,80.43478260869566,35.21224773834377,-10.01,2026-06-01,False
3285,微端,光電及I/O,39.0,10996783.9,True,63.98243045387994,50.10438413361169,137.15,2026-06-01,False
6591,動力-KY,電子零組件,45.35,10995251.389999999,True,28.44638949671772,74.94780793319416,-48.64,2026-06-01,False
6689,伊雲谷,數位雲端,63.2,10837817.845,True,0.4305705059203444,98.19067501739735,4.42,2026-06-01,False
4506,崇友,其他電製品,122.0,10830705.4,True,70.51422319474835,45.16353514265832,12.28,2026-06-01,False
9935,慶豐富,五金及家具,18.75,10792298.1375,True,15.136054421768709,84.55114822546973,17.01,2026-06-01,False
6953,家碩,電子設備,228.0,10780050.05,True,46.12476370510397,63.11760612386917,27.62,2026-06-01,False
3611,鼎翰,電腦及週邊,197.0,10760883.0,True,11.159737417943107,87.82185107863604,-0.1,2026-06-01,False
6574,霈方,化妝美容,134.0,10743220.05,True,23.468271334792124,79.12317327766179,73.91,2026-06-01,False
1580,新麥,機械,116.5,10716918.525,True,6.017505470459518,90.74460681976339,3.17,2026-06-01,False
3296,勝德,電子零組件,27.15,10682433.592500001,True,82.01117318435755,33.472512178148925,1.23,2026-06-01,False
1264,德麥,其他食品,259.0,10639923.7,True,0.0,99.72164231036882,9.93,2026-06-01,False
1603,華電,電纜,29.4,10613763.5,True,11.232718894009217,87.68267223382045,4.3,2026-06-01,False
6570,維田,電腦及週邊,49.7,10546692.975,True,80.47045951859955,35.142658315935975,23.79,2026-06-01,False
1419,新紡,成衣,66.7,10369752.465,True,1.6958424507658645,95.47668754349338,17.98,2026-06-01,False
9940,信義,仲介建經,20.3,10360732.985,True,94.36542669584244,16.005567153792626,41.42,2026-06-01,False
2816,旺旺保,產險,34.7,10156872.5625,True,12.224322621298047,87.12595685455811,22.17,2026-05-01,False
6203,海韻電,電子零組件,65.0,10151575.655,True,60.50328227571116,52.887961029923446,-38.97,2026-06-01,False
8045,達運光電,通信網路,60.5,10131420.7,True,36.62337662337662,68.96311760612387,6.34,2026-06-01,False
1442,名軒,建設,29.4,10108975.209999999,True,36.33786848072562,69.31106471816284,26.79,2026-06-01,False
2614,東森,百貨批發,18.5,10025970.5,True,14.678111587982833,84.96868475991648,2.75,2026-06-01,False
