source,event_date,event_type,evidence_type,evidence_ref,note
P-A (score_store / finmind_cache/Scores),2026-07-11,code_introduced,commit,50abd0dd498fd5eb79f6ef37e7dde5a3ae671cbd,"core/score_store.py added in commit '50abd0dd deploy: streamlit app + scores snapshot'; no prior commit touches this file (git log --follow finds no earlier ancestor)"
P-A (score_store / finmind_cache/Scores),2026-07-09,first_as_of_value_observed,commit_content,50abd0dd:cloud_cache/Scores/1216.parquet,"Earliest committed snapshot (same commit as code introduction) already contains only as_of=2026-07-09 (1 row per mode) -- the mechanism's very first run, not a truncated later state"
P-A deployment mirror (cloud_cache/Scores/),2026-07-11,mirror_introduced,commit,50abd0dd498fd5eb79f6ef37e7dde5a3ae671cbd,"cloud_cache/Scores/ (45 per-stock parquet files) committed for the first time in the same initial deploy commit"
P-A deployment mirror (cloud_cache/Scores/),2026-07-23,schema_resync_partial_truncation,commit_diff,817b9d591b48d19aa3ac68749e3cb71b1041315f,"Commit 'fix: 重同步 cloud_cache/Scores 為新 schema (33欄)' -- 0050.parquet, 1101.parquet, 1201.parquet went from non-zero bytes to exactly 0 bytes; other tickers (1102, 1216, ...) were resized/grown (schema migration preserved); 1104/1210/1215/1218 newly appeared"
P-A deployment mirror (cloud_cache/Scores/),2026-07-23,scheduling_failure_same_day,job_log,outputs/logs/daily_update_20260723.log + commit f5d2e42f0bc131e0fba3ca2e45e5134553235cc5,"Commit message '7/23 綜合分 (排程建分成功但 wscript 中途死於 255, 手動補 deploy)' documents a scheduled-task crash (exit 255) on the same calendar date as the 3-ticker zeroing; exact causal link between the crash and the specific 3-ticker loss is not fully disambiguated from a simpler explanation (universe/watchlist redefinition, see next row)"
P-A deployment mirror (cloud_cache/Scores/),2026-07-21,universe_redefinition,commit_message,912b6007f9d4bbe861f675bf8e145069915c3d1a + daily_auto_update.bat comment,"daily_auto_update.bat records: '2026-07-21: switched from build_cache.py (no args = watchlist + FinMind incremental) to pool + TEJ ... universe is now the daily L1 pool (~900), not the 45-stock watchlist' -- plausible alternate/contributing explanation for why some originally-seeded tickers (e.g. 1101, 1201) later disappear from the local source that cloud_cache/Scores mirrors"
P-A deployment mirror (cloud_cache/Scores/),recurring (every scheduled success),full_wipe_and_recopy,source_code,deploy_scores.py lines 176-178,"deploy_scores.py does shutil.rmtree(SNAPSHOT_DIR) then shutil.copytree(src, SNAPSHOT_DIR) on every run -- cloud_cache/Scores/ is a byte-for-byte daily mirror of the LOCAL finmind_cache/Scores/ source at run time, not an independently accumulating archive; it cannot retain history the local source has already lost"
P-A deployment mirror (cloud_cache/Scores/),2026-08-13,current_state,file_read (pandas),cloud_cache/Scores/1102.parquet (HEAD),"Currently-tracked stock 1102: 25 distinct as_of dates, 2026-07-08 .. 2026-08-12, all 3 modes present from 2026-07-09 (aggressive/conservative) or 2026-07-08 (balanced)"
P-B (outputs/universe_pool/c2_fullpool_*.csv),2026-07-15,related_script_introduced,commit,eb78a3d41fc624d67a1e89eeee0c92005f98ca06,"scripts/universe_screen_daily.py itself (L0-L2 daily screen + shortlist) introduced 2026-07-15 for a DIFFERENT purpose/population than c2_fullpool"
P-B (outputs/universe_pool/c2_fullpool_*.csv),NEVER (0 commits),c2_fullpool_code_not_in_git_history,git_pickaxe,"git log -S c2_fullpool -- scripts/universe_screen_daily.py","Zero commits in the file's entire history ever added or removed the string 'c2_fullpool' -- the feature exists ONLY in the current uncommitted working-tree diff (git status: tracked-modified)"
P-B (outputs/universe_pool/c2_fullpool_*.csv),2026-08-10,c2_fullpool_code_authored,working_tree_diff + self-documenting comment,"git diff HEAD -- scripts/universe_screen_daily.py","Uncommitted patch (43 insertions) adds the full-pool c2 block; the patch's own comment reads '全池 c2(2026-08-10 新增,附加輸出,不影響上面既有的 pool/shortlist)' -- author-dated at authorship time"
P-B (outputs/universe_pool/c2_fullpool_*.csv),2026-08-10,script_file_mtime,filesystem,scripts/universe_screen_daily.py (mtime),"Filesystem mtime = 2026-08-10 21:09:05 local, consistent with the code comment's self-reported introduction date"
P-B (outputs/universe_pool/c2_fullpool_*.csv),2026-08-07,first_file_present_but_backdated,filesystem + job_log,"outputs/universe_pool/c2_fullpool_2026-08-07.csv (mtime 2026-08-10 00:23) vs outputs/logs/daily_update_20260807.log (0 mentions of c2_fullpool/全池)","The as_of=2026-08-07 file's own filesystem mtime is 2026-08-10, three days after its as_of label; the actual scheduled production run that executed on 2026-08-07 (job log present, normal successful completion) contains zero references to c2_fullpool -- confirms this file was retroactively backfilled on 2026-08-10, not produced contemporaneously"
P-B (outputs/universe_pool/c2_fullpool_*.csv),2026-08-10,first_contemporaneous_file,filesystem,outputs/universe_pool/c2_fullpool_2026-08-10.csv (mtime 2026-08-10 18:03),"Earliest file whose mtime plausibly matches same-day production (18:03, same evening as the code was authored at 21:09 -- code was likely iterated on/finalized after this run, or an earlier same-day version produced it)"
P-B (outputs/universe_pool/c2_fullpool_*.csv),2026-08-11 / 2026-08-12,ongoing_normal_production,filesystem,outputs/universe_pool/c2_fullpool_2026-08-11.csv / c2_fullpool_2026-08-12.csv,"Regular daily accumulation continues without gaps since 2026-08-10; a 2026-08-12 file exists that postdates P0-R1's 2026-08-12 preflight snapshot (which only recorded 3 dates), confirming normal ongoing operation, not a stall"
P-B deployment mirror,N/A,no_mirror_exists,directory_listing + column_schema_diff,cloud_cache/UniversePool/ (pool_*.csv, shortlist_*.csv, digest_*.md),"cloud_cache/UniversePool/ is a real, git-tracked, actively-updated mirror (introduced 2026-07-16, commit b5d495812c43a94b23a576102281830b9cfc3be6) but mirrors a DIFFERENT artifact: pool_*.csv uses '_pool_pct'-suffixed percentile columns on the L0-L2-filtered (PE-valid, non-trap) population, not the '_full_pct'-suffixed ADV>=100萬-unfiltered population that c2_fullpool_*.csv uses. Column-level comparison confirms no overlap of the c2_score_full computation. deploy_scores.py (lines 182-196) only syncs Scores and UniversePool(shortlist/pool/digest) to cloud_cache -- c2_fullpool is never included."
Scheduling,2026-07-13,mechanism_introduced,commit_message,5709366e9771b391736af6339b7581faefa3acbd,"'v4.4: 因子實驗室...+每日自動更新排程' -- first mention of the daily automated schedule"
Scheduling,current,mechanism_definition,source_code,scripts/register_daily_task.ps1 + scripts/daily_auto_update.bat,"Windows Task Scheduler task 'FinMind_DailyUpdate', weekdays 18:00, StartWhenAvailable + WakeToRun, ExecutionTimeLimit 2h, MultipleInstances IgnoreNew; runs build_cache.py --build-scores then deploy_scores.py"
Scheduling,2026-07-17,manual_transition_run,commit_message,1102eeda395930f21eb840b36eb7f6a05452702e,"'chore: 手動同步 7/17 scores+universe_pool (排程改18:00,今日過渡手動跑)' -- schedule time changed to 18:00 same day, run executed manually as a one-off transition (explains missing 07-17 daily_update log)"
Scheduling,2026-07-22,scheduled_run_crash_no_trace,filesystem (absence),outputs/logs/ (no daily_update_20260722.log or marker exists),"register_daily_task.ps1 comment: '7/22 與 7/23 兩次排程都以 exit 255 中途死亡且不留痕跡' -- confirmed: market_snapshot_20260722.log exists (separate task ran fine) but no daily_update_20260722 log/marker of any kind exists, consistent with an early, untrapped crash"
Scheduling,2026-07-23,execution_runtime_switched,commit_message + source_code comment,scripts/register_daily_task.ps1 comment block,"Switched from wscript+run_hidden.vbs to powershell+run_hidden.ps1 specifically because of the unexplained exit-255 crashes and VBScript deprecation; root cause of the crashes was not conclusively identified ('根因當時未確定')"
Scheduling,2026-08-03 .. 2026-08-07,deploy_branch_silent_stall,source_code comment,deploy_scores.py lines 33-36,"Code comment: 'Streamlit Community Cloud 綁定的部署分支...快照推到別的分支=雲端看不到,而且腳本仍會回報成功——2026-08-03~08-07 就是這樣靜默停更了 5 天' -- a documented 5-day silent cloud-deployment staleness (branch mismatch), now fixed by a fail-closed branch check added after the fact"
Cleanup/pruning inventory,recurring (every scheduled success),active_pruning_confirmed,source_code,scripts/daily_auto_update.bat lines 123-128,"forfiles /P outputs\logs /M daily_update_*.log /D -30 /C 'del @path' and forfiles /P %LOCALAPPDATA%\FinMind /M daily_update_*.marker.log /D -30 /C 'del @path' -- deletes job logs older than 30 days; narrowly scoped to these two directories and these two filename patterns only"
Cleanup/pruning inventory,recurring (every scheduled success),wipe_and_recopy_confirmed,source_code,deploy_scores.py lines 176-178 and 189-191,"shutil.rmtree + shutil.copytree on cloud_cache/Scores/ and cloud_cache/UniversePool/ every successful run -- full mirror refresh of two specific, named, git-tracked directories, not a generic sweep"
Cleanup/pruning inventory,N/A,broad_repo_search_no_other_mechanism_found,grep (repo-wide),"grep -rniE 'forfiles|shutil.rmtree|os.remove|os.unlink|retention|purge' across *.py/*.bat/*.ps1","No cleanup/retention/purge logic found outside the two mechanisms above and a small number of unrelated backup-directory cleanups in one-off migration scripts (scripts/extract_legacy_supplement.py, scoped to its own STAGING_DIR/backup_dir, unrelated to Scores/c2_fullpool/evidence roots)"
Cleanup/pruning inventory,N/A,onedrive_avoidance_convention,source_code comments,core/data_cache.py:29 + build_cache.py:16,"Project convention: finmind_cache (P-A live source) is deliberately placed OUTSIDE OneDrive sync ('刻意放 OneDrive 外避免反覆同步') specifically to avoid file-locking/sync interference documented as a suspect in the 07-22/07-23 crash investigation; data/research_base/ is deliberately kept INSIDE the OneDrive-synced project folder for redundancy -- the two choices are deliberate and purpose-specific, not accidental"
