stock_id,name
000116,日盛證券
000930,華南永昌證券
000960,富邦證券
0009A0,永豐金證券
1101,台泥
1102,亞泥
1103,嘉泥
1104,環泥
1107,建台
1108,幸福
1109,信大
1110,東泥
1113,永康
1201,味全
1203,味王
1204,津津
1206,台鳳
1207,嘉食化
1208,和信興
1209,益華
1210,大成
1212,中日
1213,大飲
1215,卜蜂
1216,統一
1217,愛之味
1218,泰山
1219,福壽
1220,台榮
1221,久津
1222,源益
1224,惠勝
1225,福懋油
1227,佳格
1228,臺芳
1229,聯華
1230,聯成食品
1231,聯華食
1232,大統益
1233,天仁
1234,黑松
1235,興泰
1236,宏亞
1238,正義
1240,茂生農經
1256,鮮活果汁-KY
1258,其祥-KY
1259,安心
1262,綠悅-KY
1264,德麥
1268,漢來美食
1294,漢田生技
1295,生合
1301,台塑
1302,國塑
1303,南亞
1304,台聚
1305,華夏
1306,合發
1307,三芳
1308,亞聚
1309,台達化
1310,台苯
1311,福聚
1312,國喬
1313,聯成
1314,中石化
1315,達新
1316,上曜
1319,東陽
1321,大洋
1323,永裕
1324,地球
1325,恆大
1326,台化
1333,恩得利
1336,台翰
1337,再生-KY
1338,廣華-KY
1339,昭輝
1340,勝悅-KY
1341,富林-KY
1342,八貫
1402,遠東新
1405,大明
1407,華隆
1408,中紡
1409,新纖
1410,南染
1413,宏洲
1414,東和
1416,廣豐
1417,嘉裕
1418,東華
1419,新紡
1423,利華
1424,新東
1425,福昌
1427,鴻通
1429,新奇
1431,新燕
1432,大魯閣
1434,福懋
1435,中福
1436,華友聯
1437,勤益控
1438,三地開發
1439,雋揚
1440,南紡
1441,大東
1442,名軒
1443,立益物流
1444,力麗
1445,大宇
1446,宏和
1447,力鵬
1449,佳和
1450,新藝
1451,年興
1452,宏益
1453,大將
1454,台富
1455,集盛
1456,怡華
1457,宜進
1458,嘉畜
1459,聯發
1460,宏遠
1462,東雲
1463,強盛新
1464,得力
1465,偉全
1466,聚隆
1467,南緯
1468,昶和
1469,理隆
1470,大統新創
1471,首利
1472,三洋實業
1473,台南
1474,弘裕
1475,業旺
1476,儒鴻
1477,聚陽
1491,東榮工
1492,展群新
1501,台機
1503,士電
1504,東元
1505,楊鐵
1506,正道
1507,永大
1510,台安
1512,瑞利
1513,中興電
1514,亞力
1515,力山
1516,川飛
1517,利奇
1519,華城
1520,復盛
1521,大億
1522,堤維西
1523,開億
1524,耿鼎
1525,江申
1526,日馳
1527,鑽全
1528,恩德
1529,樂事綠能
1530,亞崴
1531,高林股
1532,勤美
1533,車王電
1534,新企
1535,中宇
1536,和大
1537,廣隆
1538,正峰
1539,巨庭
1540,喬福
1541,錩泰
1558,伸興
1560,中砂
1563,巧新
1565,精華
1566,捷邦
1568,倉佑
1569,濱川
1570,力肯
1580,新麥
1582,信錦
1583,程泰
1584,精剛
1586,和勤
1587,吉茂
1589,永冠-KY
1590,亞德客-KY
1591,駿吉-KY
1592,英瑞-KY
1593,祺驊
1595,川寶
1597,直得
1598,岱宇
1599,宏佳騰
1601,台光
1602,太電
1603,華電
1604,聲寶
1605,華新
1606,歌林
1607,新亞電器
1608,華榮
1609,大亞
1611,中電
1612,宏泰
1613,台一
1614,三洋電
1615,大山
1616,億泰
1617,榮星
1618,合機
1623,大東電
1626,艾美特-KY
1701,中化
1702,南僑
1704,榮化
1707,葡萄王
1708,東鹼
1709,和益
1710,東聯
1711,永光
1712,興農
1713,國化
1714,和桐
1715,萬洲
1716,永信藥品
1717,長興
1718,中纖
1720,生達
1721,三晃
1722,台肥
1723,中碳
1724,台硝
1725,元禎
1726,永記
1727,中華化
1729,必翔
1730,花仙子
1731,美吾華
1732,毛寶
1733,五鼎
1734,杏輝
1735,日勝化
1736,喬山
1737,臺鹽
1742,台蠟
1748,大能
1752,南光
1760,寶齡富錦
1762,中化生
1773,勝一
1776,展宇
1777,生泰
1780,立弘
1781,合世
1783,和康生
1784,訊聯
1785,光洋科
1786,科妍
1787,福盈科
1788,杏昌
1789,神隆
1795,美時
1796,金穎生技
1799,易威
1801,志富國際
1802,台玻
1805,寶徠
1806,冠軍
1807,羅馬
1808,潤隆
1809,中釉
1810,和成
1813,寶利徠
1815,富喬
1817,凱撒衛
1902,台紙
1903,士紙
1904,正隆
1905,華紙
1906,寶隆
1907,永豐餘
1909,榮成
1918,萬有
2002,中鋼
2005,友力
2006,東和鋼鐵
2007,燁興
2008,高興昌
2009,第一銅
2010,春源
2012,春雨
2013,中鋼構
2014,中鴻
2015,豐興
2016,名佳利
2017,官田鋼
2019,桂宏
2020,美亞
2022,聚亨
2023,燁輝
2024,志聯
2025,千興
2027,大成鋼
2028,威致
2029,盛餘
2030,彰源
2031,新光鋼
2032,新鋼
2033,佳大
2034,允強
2035,唐榮
2038,海光
2045,台灣煉鐵
2049,上銀
2052,同光
2058,彥武
2059,川湖
2061,風青
2062,橋椿
2063,世鎧
2064,晉椿
2065,世豐
2066,世德
2067,嘉鋼
2069,運錩
2070,精湛
2072,世紀風電
2073,雄順
2101,南港
2102,泰豐
2103,台橡
2104,國際中橡
2105,正新
2106,建大
2107,厚生
2108,南帝
2109,華豐
2114,鑫永銓
2115,六暉-KY
2201,裕隆
2202,三富
2204,中華
2206,三陽工業
2207,和泰車
2208,台船
2211,長榮鋼
2221,大甲
2227,裕日車
2228,劍麟
2230,泰茂
2231,為升
2233,宇隆
2235,謚源
2236,百達-KY
2239,英利-KY
2241,艾姆勒
2243,宏旭-KY
2247,汎德永業
2248,華勝-KY
2250,IKKA-KY
2301,光寶科
2302,麗正
2303,聯電
2305,全友
2306,宏電
2308,台達電
2309,國勝
2310,旭麗
2311,日月光
2312,金寶
2313,華通
2314,台揚
2315,神達電腦
2316,楠梓電
2317,鴻海
2318,佳錄
2319,大眾
2321,東訊
2322,致福
2323,中環
2324,仁寶
2325,矽品
2326,亞瑟
2327,國巨*
2328,廣宇
2329,華泰
2330,台積電
2331,精英
2332,友訊
2333,碧悠
2334,國豐
2335,清三
2336,Ｄ致伸
2337,旺宏
2338,光罩
2339,合泰
2340,台亞
2341,英群
2342,茂矽
2343,精業
2344,華邦電
2345,智邦
2347,聯強
2348,海悅
2349,錸德
2350,環電
2351,順德
2352,佳世達
2353,宏碁
2354,鴻準
2355,敬鵬
2356,英業達
2357,華碩
2358,廷鑫
2359,所羅門
2360,致茂
2361,鴻友
2362,藍天
2363,矽統
2364,倫飛
2365,昆盈
2366,亞旭
2367,燿華
2368,金像電
2369,菱生
2370,匯僑工業
2371,大同
2373,震旦行
2374,佳能
2375,凱美
2376,技嘉
2377,微星
2378,鴻運電子
2379,瑞昱
2380,虹光
2381,華宇
2382,廣達
2383,台光電
2384,勝華
2385,群光
2386,國電
2387,精元
2388,威盛
2389,世昕
2390,云辰
2391,合勤
2392,正崴
2393,億光
2394,普立爾
2395,研華
2396,精碟
2397,友通
2398,博達
2399,映泰
2401,凌陽
2402,毅嘉
2403,友尚
2404,漢唐
2405,輔信
2406,國碩
2407,欣煜
2408,南亞科
2409,友達
2410,鼎大
2411,飛瑞
2412,中華電
2413,環科
2414,精技
2415,錩新
2416,世平
2417,圓剛
2418,雅新
2419,仲琦
2420,新巨
2421,建準
2422,國聯
2423,固緯
2424,隴華
2425,承啟
2426,鼎元
2427,三商電
2428,興勤
2429,銘旺科
2430,燦坤
2431,聯昌
2433,互盛電
2434,統懋
2435,台路
2436,偉詮電
2437,旺詮
2438,翔耀
2439,美律
2440,太空梭
2441,超豐
2442,新美齊
2443,昶虹
2444,兆勁
2445,南方
2446,全懋
2447,鼎新
2448,晶電
2449,京元電子
2450,神腦
2451,創見
2452,乾坤
2453,凌群
2454,聯發科
2455,全新
2456,奇力新
2457,飛宏
2458,義隆
2459,敦吉
2460,建通
2461,光群雷
2462,良得電
2463,Ｄ研揚
2464,盟立
2465,麗臺
2466,冠西電
2467,志聖
2468,華經
2469,力信
2470,品佳
2471,資通
2472,立隆電
2473,思源
2474,可成
2475,華映
2476,鉅祥
2477,美隆電
2478,大毅
2479,和立
2480,敦陽科
2481,強茂
2482,連宇
2483,百容
2484,希華
2485,兆赫
2486,一詮
2487,友立資
2488,漢平
2489,瑞軒
2490,皇統
2491,吉祥全
2492,華新科
2493,揚博
2494,廣業科
2495,普安
2496,卓越
2497,怡利電
2498,宏達電
2499,東貝
2501,國建
2504,國產
2505,國揚
2506,太設
2507,華成
2509,全坤建
2511,太子
2512,寶建
2514,龍邦
2515,中工
2516,新建
2517,長谷
2518,長億
2520,冠德
2521,宏總
2523,德寶
2524,京城
2525,寶祥
2526,大陸
2527,宏璟
2528,皇普
2529,仁翔
2530,華建
2533,昱成
2534,宏盛
2535,達欣工
2536,宏普
2537,聯上發
2538,基泰
2539,櫻花建
2540,愛山林
2542,興富發
2543,皇昌
2544,益鼎光電
2545,皇翔
2546,根基
2547,日勝生
2548,華固
2553,啟阜
2566,復木
2596,綠意
2597,潤弘
2601,益航
2603,長榮
2604,立榮
2605,新興
2606,裕民
2607,榮運
2608,嘉里大榮
2609,陽明
2610,華航
2611,志信
2612,中航
2613,中櫃
2614,東森
2615,萬海
2616,山隆
2617,台航
2618,長榮航
2628,正利
2630,亞航
2633,台灣高鐵
2634,漢翔
2636,台驊控股
2637,慧洋-KY
2640,大車隊
2641,正德
2642,宅配通
2643,捷迅
2645,長榮航太
2646,星宇航空
2701,萬企
2702,華園
2704,國賓
2705,六福
2706,第一店
2707,晶華
2712,遠雄來
2714,華國
2718,全心投控
2719,燦星旅
2722,夏都
2723,美食-KY
2724,藝舍-KY
2726,雅茗-KY
2727,王品
2729,瓦城
2731,雄獅
2732,六角
2734,易飛網
2736,富野
2739,寒舍
2740,華軒
2743,山富
2745,五福
2748,雲品
2751,王座
2752,豆府
2753,八方雲集
2754,亞洲藏壽司
2755,揚秦
2756,聯發國際
2762,世界健身-KY
2801,彰銀
2807,渣打銀行
2808,北商銀
2809,京城銀
2810,高企
2811,東企
2812,台中銀
2816,旺旺保
2820,華票
2822,農銀
2823,凱基人壽
2824,交銀
2827,中聯
2828,萬通
2829,大安
2831,中華銀行
2832,台產
2833,台壽
2834,臺企銀
2835,國泰銀
2836,高雄銀
2837,凱基銀行
2838,聯邦銀
2841,台開
2842,富邦銀
2845,遠東銀
2846,中興銀
2847,大眾銀
2848,華南保
2849,安泰銀
2850,新產
2851,中再保
2852,第一保
2854,寶來證
2855,統一證
2856,元富證
2867,三商壽
2880,華南金
2881,富邦金
2882,國泰金
2883,凱基金
2884,玉山金
2885,元大金
2886,兆豐金
2887,台新新光金
2888,新光金
2889,國票金
2890,永豐金
2891,中信金
2892,第一金
2897,王道銀行
2901,欣欣
2902,中信
2903,遠百
2904,匯僑
2905,三商
2906,高林
2908,特力
2910,統領
2911,麗嬰房
2912,統一超
2913,農林
2915,潤泰全
2916,滿心
2921,和樂
2923,鼎固-KY
2924,宏太-KY
2926,誠品生活
2928,紅馬-KY
2929,淘帝-KY
2936,客思達-KY
2937,集雅社
2939,永邑-KY
2941,米斯特
2945,三商家購
2947,振宇五金
2948,寶陞
2949,欣新網
3001,協和
3002,歐格
3003,健和興
3004,豐達科
3005,神基
3006,晶豪科
3007,綠點
3008,大立光
3009,奇美電
3010,華立
3011,今皓
3012,廣輝
3013,晟銘電
3014,聯陽
3015,全漢
3016,嘉晶
3017,奇鋐
3018,隆銘綠能
3019,亞光
3020,奇普仕
3021,鴻名
3022,威強電
3023,信邦
3024,憶聲
3025,星通
3026,禾伸堂
3027,盛達
3028,增你強
3029,零壹
3030,德律
3031,佰鴻
3032,偉訓
3033,威健
3034,聯詠
3035,智原
3036,文曄
3037,欣興
3038,全台
3039,宏傳
3040,遠見
3041,揚智
3042,晶技
3043,科風
3044,健鼎
3045,台灣大
3046,建碁
3047,訊舟
3048,益登
3049,精金
3050,鈺德
3051,力特
3052,夆典
3053,鼎營
3054,立萬利
3055,蔚華科
3056,富華新
3057,喬鼎
3058,立德
3059,華晶科
3060,銘異
3061,璨圓
3062,建漢
3063,飛信
3064,泰偉
3066,李洲
3067,全域
3068,美磊
3069,台金礦
3071,協禧
3073,天方能源
3078,僑威
3079,宏億國
3080,威力盟
3081,聯亞
3083,網龍
3085,新零售
3086,華義*
3087,台灣美日
3088,艾訊
3089,億杰
3090,日電貿
3092,鴻碩
3093,港建*
3094,聯傑
3095,及成
3099,頂倫
3105,穩懋
3114,好德
3115,富榮綱
3118,進階
3122,笙泉
3126,信億
3128,昇銳
3130,一零四
3131,弘塑
3135,凌航
3138,耀登
3141,晶宏
3142,遠茂
3144,新揚科
3147,大綜
3149,正達
3152,璟德
3158,嘉實
3162,精確
3163,波若威
3164,景岳
3167,大量
3168,眾福科
3169,亞信
3171,炎洲流通
3176,基亞
3178,公準
3188,鑫龍騰
3189,景碩
3191,雲嘉南
3202,樺晟
3205,佰研
3206,志豐
3207,耀勝
3209,全科
3211,順達
3213,茂訊
3214,元砷
3217,優群
3218,大學光
3219,倚強科
3221,台嘉碩
3224,三顧
3226,龍鋒
3227,原相
3228,金麗科
3229,晟鈦
3230,錦明
3231,緯創
3232,昱捷
3234,光環
3236,千如
3252,海灣
3257,虹冠電
3258,誠洲
3259,鑫創
3260,威剛
3264,欣銓
3265,台星科
3266,昇陽
3268,海德威
3271,其樂達
3272,東碩
3276,宇環
3284,太普高
3285,微端
3287,廣寰科
3288,點晶
3289,宜特
3290,東浦
3291,遠翔科
3293,鈊象
3294,英濟
3296,勝德
3297,杭特
3298,圓創
3299,帛漢
3303,岱稜
3305,昇貿
3306,鼎天
3308,聯德
3310,佳穎
3311,閎暉
3312,弘憶股
3313,斐成
3315,宣昶
3317,尼克森
3321,同泰
3322,建舜電
3323,加百裕
3324,雙鴻
3325,旭品
3332,幸康
3338,泰碩
3339,泰谷
3346,麗清
3349,寶德
3354,律勝
3356,奇偶
3357,臺慶科
3360,尚立
3362,先進光
3363,上詮
3367,英華達
3369,鐵研
3372,典範
3373,熱映
3374,精材
3376,新日興
3379,彬台
3380,明泰
3383,新世紀
3388,崇越電
3389,志遠
3390,旭軟
3402,漢科
3406,玉晶光
3413,京鼎
3416,融程電
3419,譁裕
3426,台興
3428,光燿科
3430,奇鈦科
3431,長天
3432,台端
3434,哲固
3437,榮創
3438,類比科
3441,聯一光
3443,創意
3444,利機
3447,展達
3450,聯鈞
3452,益通
3454,晶睿
3455,由田
3465,進泰電子
3466,德晉
3467,台灣精材
3474,台灣美光
3479,安勤
3481,群創
3483,力致
3484,崧騰
3485,敘豐
3489,森寶
3490,單井
3491,昇達科
3492,長盛
3494,誠研
3498,陽程
3499,環天科
3501,維熹
3504,揚明光
3508,位速
3511,矽瑪
3512,皇龍
3514,昱晶
3515,華擎
3516,亞帝歐
3518,柏騰
3519,綠能
3520,華盈
3521,台鋼建設
3522,御嵿
3523,迎輝
3526,凡甲
3527,聚積
3528,安馳
3529,力旺
3530,晶相光
3531,先益
3532,台勝科
3533,嘉澤
3534,雷凌
3535,晶彩科
3536,誠創
3537,堡達
3540,曜越
3541,西柏
3543,州巧
3545,敦泰
3546,宇峻
3548,兆利
3550,聯穎
3551,世禾
3552,同致
3553,力積
3555,博士旺
3556,禾瑞亞
3557,嘉威
3558,神準
3559,全智科
3561,昇陽光電
3562,頂晶科
3563,牧德
3564,其陽
3567,逸昌
3570,大塚
3573,穎台
3576,聯合再生
3577,泓格
3579,尚志
3580,友威科
3581,博磊
3582,凌耀
3583,辛耘
3584,介面
3587,閎康
3588,通嘉
3591,艾笛森
3592,瑞鼎
3593,力銘
3594,磐儀
3596,智易
3597,映興
3598,奕力
3599,旺能
3605,宏致
3607,谷崧
3609,三一東林
3611,鼎翰
3614,誠致
3615,安可
3617,碩天
3622,洋華
3623,富晶通
3624,光頡
3625,西勝
3628,盈正
3629,地心引力
3630,新鉅科
3631,晟楠
3632,研勤
3638,F-IML
3642,健升實業
3645,達邁
3646,艾恩特
3652,精聯
3653,健策
3658,漢微科
3661,世芯-KY
3662,齊民
3663,鑫科
3664,安瑞-KY
3665,貿聯-KY
3666,光耀
3669,圓展
3672,康聯訊
3673,TPK-KY
3675,德微
3679,新至陞
3680,家登
3682,亞太電
3684,榮昌
3685,元創精密
3686,達能
3687,歐買尬
3689,湧德
3691,碩禾
3693,營邦
3694,海華
3697,F-晨星
3698,隆達
3701,大眾控
3702,大聯大
3703,欣陸
3704,合勤控
3705,永信
3706,神達
3707,漢磊
3708,上緯投控
3709,鑫聯大投控
3710,連展投控
3711,日月光投控
3712,永崴投控
3713,新晶投控
3714,富采
3715,定穎投控
3716,中化控股
3717,聯嘉投控
4102,永日
4103,百略
4104,佳醫
4105,東洋
4106,雃博
4107,邦特
4108,懷特
4109,加捷生醫
4110,博登
4111,濟生
4113,聯上
4114,健喬
4116,明基醫
4119,旭富
4120,友華
4121,優盛
4123,晟德
4126,太醫
4127,天良
4128,中天
4129,聯合
4130,健亞
4131,浩泰
4133,亞諾法
4137,麗豐-KY
4138,曜亞
4139,馬光-KY
4141,龍燈-KY
4142,國光生
4144,康聯-KY
4147,中裕
4148,全宇生技-KY
4152,台微體
4153,鈺緯
4154,樂威科-KY
4155,訊映
4157,太景*-KY
4160,訊聯基因
4161,聿新科
4162,智擎
4163,鐿鈦
4164,承業醫
4166,友霖
4167,松瑞藥
4168,醣聯
4169,泰宗
4171,瑞基
4173,久裕
4174,浩鼎
4175,杏一
4178,永笙-KY
4180,保盛藥業
4183,福永生技
4188,安克
4190,佐登-KY
4192,杏國
4198,欣大健康
4205,中華食
4207,環泰
4303,信立
4304,勝昱
4305,世坤
4306,炎洲
4401,東隆興
4402,郡都開發
4404,百成行
4406,新昕纖
4408,聯明行動
4413,飛寶企業
4414,如興
4415,台原藥
4416,三圓
4417,金洲
4419,皇家美食
4420,光明
4424,民興
4426,利勤
4429,聚紡
4430,耀億
4432,銘旺實
4433,興采
4438,廣越
4439,冠星-KY
4440,宜新實業
4441,振大環球
4442,竣邦-KY
4502,健信
4503,金雨
4506,崇友
4510,高鋒
4513,福裕
4522,大寶
4523,永彰
4526,東台
4527,方土霖
4528,江興鍛
4529,淳紳
4530,宏易
4532,瑞智
4533,協易機
4534,慶騰
4535,至興
4536,拓凱
4538,大詠城
4540,全球傳動
4541,晟田
4542,科嶠
4543,萬在
4545,銘鈺
4549,桓達
4550,長佳
4551,智伸科
4552,力達-KY
4554,橙的
4555,氣立
4556,旭然
4557,永新-KY
4558,寶緯
4560,強信-KY
4561,健椿
4562,穎漢
4563,百德
4564,元翎
4566,時碩工業
4568,科際精密
4569,六方科-KY
4571,鈞興-KY
4572,駐龍
4576,大銀微系統
4577,達航科技
4580,捷流閥業
4581,光隆精密-KY
4583,台灣精銳
4584,君帆
4585,達明
4588,玖鼎電力
4609,唐鋒
4702,中美實
4703,揚華
4706,大恭
4707,磐亞
4711,永純
4712,福格創新
4714,永捷
4716,大立
4717,天泰
4720,德淵
4721,美琪瑪
4722,國精化
4725,信昌化
4726,永昕
4728,雙美
4729,熒茂
4733,上緯
4735,豪展
4736,泰博
4737,華廣
4739,康普
4741,泓瀚
4743,合一
4744,皇將
4745,合富-KY
4746,台耀
4747,強生
4749,新應材
4754,國碳科
4755,三福化
4760,勤凱
4762,三汰-KY
4763,材料*-KY
4764,雙鍵
4766,南寶
4767,誠泰科技
4768,晶呈科技
4770,上品
4771,望隼
4772,台特化
4801,高盛電
4803,VHQ-KY
4804,大略-KY
4806,桂田文創
4807,日成-KY
4903,聯光通
4904,遠傳
4905,台聯電
4906,正文
4907,富宇
4908,前鼎
4909,新復興
4910,陽慶
4911,德英
4912,聯德控股-KY
4915,致伸
4916,事欣科
4919,新唐
4923,力士
4924,欣厚-KY
4927,泰鼎-KY
4930,燦星網
4931,新盛力
4933,友輝
4934,太極
4935,茂林-KY
4938,和碩
4939,亞電
4942,嘉彰
4943,康控-KY
4944,兆遠
4945,陞達科技
4946,辣椒
4947,昂寶-KY
4949,有成精密
4950,金耘國際
4951,精拓科
4952,凌通
4953,緯軟
4956,光鋐
4958,臻鼎-KY
4960,誠美材
4961,天鈺
4965,商店街
4966,譜瑞-KY
4967,十銓
4968,立積
4971,IET-KY
4972,湯石照明
4973,廣穎
4974,亞泰
4976,佳凌
4977,眾達-KY
4979,華星光
4984,科納-KY
4987,科誠
4989,榮科
4991,環宇-KY
4994,傳奇
4995,晶達
4999,鑫禾
5002,住聯
5006,高鋁
5007,三星
5008,長銘
5009,榮剛
5011,久陽
5013,強新
5014,建錩
5015,華祺
5016,松和
5017,新泰伸
5102,富強
5201,凱衛
5202,力新
5203,訊連
5204,得捷
5205,中茂
5206,坤悅
5207,飛雅
5208,蔚華
5209,新鼎
5210,寶碩
5211,蒙恬
5212,凌網
5213,亞昕
5215,科嘉-KY
5220,萬達光電
5222,全訊
5223,安力-KY
5225,東科-KY
5227,立凱-KY
5228,鈺鎧
5230,雷笛克光學
5234,達興材料
5236,凌陽創新
5243,乙盛-KY
5244,弘凱
5245,智晶
5251,天鉞電
5255,美桀
5258,虹堡
5259,奕智博
5261,創傑
5263,智崴
5264,鎧勝-KY
5266,F*AS
5269,祥碩
5272,笙科
5274,信驊
5276,達輝-KY
5278,尚凡*
5280,F-敦泰
5281,大峽谷-KY
5283,禾聯碩
5284,jpp-KY
5285,界霖
5287,數字
5288,豐祥-KY
5289,宜鼎
5291,邑昇
5292,華懋
5299,杰力
5301,寶得利
5302,太欣
5304,鼎創達
5305,敦南
5306,桂盟
5307,耀文
5309,系統電
5310,天剛
5312,寶島科
5313,皇旗
5314,世紀*
5315,光聯
5317,Ｄ凱美
5318,威豪聯合
5321,美而快
5324,士開
5325,大騰
5326,漢磊科技
5328,華容
5332,旭龍
5333,佳茂
5336,華特
5340,建榮
5343,矽豐
5344,立衛
5345,馥鴻
5346,力晶
5347,世界
5348,正能量智能
5349,先豐
5351,鈺創
5353,台林
5355,佳總
5356,協益
5364,力麗店
5371,中光電
5372,十美
5375,台灣慧智
5376,東正元
5381,光譜
5383,金利
5384,捷元
5385,瑩寶
5386,青雲
5387,茂德
5388,中磊
5392,能率
5395,圓方
5398,慕康生醫
5401,第三波
5403,中菲
5410,國眾
5414,磐英
5425,台半
5426,振發
5432,新門
5434,崇越
5436,立生
5438,東友
5439,高技
5441,聯友光電
5442,世峰
5443,均豪
5448,維迪
5450,南良
5452,佶優
5455,昇益
5457,宣德
5460,同協
5464,霖宏
5465,富驊
5466,泰林
5467,聯福生
5468,凱鈺
5469,瀚宇博
5471,松翰
5473,矽成
5474,聰泰
5475,德宏
5478,智冠
5480,統盟
5481,新華
5483,中美晶
5484,慧友
5487,通泰
5488,松普
5489,彩富
5490,同亨
5491,連展
5492,亞智科
5493,三聯
5494,德鑫
5497,佰鈺科技
5498,凱崴
5501,金腦科
5502,龍田
5503,榮美開發
5504,信南
5505,和旺
5506,長鴻
5508,永信建
5511,德昌
5512,力麒
5514,三豐
5515,建國
5516,雙喜
5518,大日
5519,隆大
5520,力泰
5521,工信
5522,遠雄
5523,豐謙
5524,捷力科技
5525,順天
5526,昆泰
5528,廣大
5529,鉅陞
5530,龍巖
5531,鄉林
5532,竟誠建築
5533,皇鼎
5534,長虹
5536,聖暉*
5538,東明-KY
5543,桓鼎-KY
5546,永固-KY
5547,久舜
5548,安倉
5601,台聯櫃
5602,榮櫃
5603,陸海
5604,中連
5605,遠航
5607,遠雄港
5608,四維航
5609,中菲行
5701,劍湖山
5702,統合
5703,亞都
5704,老爺知
5706,鳳凰
5801,第一金投
5810,寶華
5818,僑銀
5819,玉山票券
5820,日盛金
5828,富邦保
5831,D新光人壽
5833,元大證金
5834,兆豐保險
5835,國泰世華
5836,台北富邦銀
5838,華銀
5839,中華開發資本
5840,國際票券
5841,中信銀
5842,兆豐票券
5843,兆豐銀行
5844,一銀
5846,國壽
5847,玉山銀
5848,台新銀
5849,永豐銀行
5850,日盛銀行
5852,元大銀
5854,合庫
5864,致和證
5871,中租-KY
5876,上海商銀
5878,台名
5880,合庫金
5901,中友
5902,德記
5903,全家
5904,寶雅
5905,南仁湖
5906,台南-KY
5907,大洋-KY
6002,台育證券
6003,大華證券
6004,元京證
6005,群益證
6008,凱基證
6010,台証證券
6012,金鼎證
6013,京華證券
6015,宏遠證
6016,康和證
6017,亞洲證券
6018,新寶證券
6020,大展證
6021,美好證
6022,大眾證
6023,元大期
6024,群益期
6026,福邦證
6028,公勝保經
6101,寬魚國際
6103,合邦
6104,創惟
6105,瑞傳
6107,華美
6108,競國
6109,亞元
6110,艾群
6111,光聚晶電
6112,邁達特
6113,亞矽
6114,久威
6115,鎰勝
6116,彩晶
6117,迎廣
6118,建達
6119,大傳
6120,達運
6121,新普
6122,擎邦
6123,上奇
6124,業強
6125,廣運
6126,信音
6127,九豪
6128,上福
6129,普誠
6130,上亞科技
6131,鈞泰
6132,銳普
6133,金橋
6134,萬旭
6135,佳營
6136,富爾特
6137,新寶科
6138,茂達
6139,亞翔
6140,訊達
6141,柏承
6142,友勁
6143,振曜
6144,得利影
6145,勁永
6146,耕興
6147,頎邦
6148,驊宏資
6149,禾鴻
6150,撼訊
6151,晉倫
6152,百一
6153,嘉聯益
6154,順發
6155,鈞寶
6156,松上
6157,一等
6158,禾昌
6159,詮鼎
6160,欣技
6161,捷波
6162,鴻源科
6163,華電網
6164,華興
6165,浪凡
6166,凌華
6167,久正
6168,宏齊
6169,昱泉
6170,統振
6171,大城地產
6172,互億
6173,信昌電
6174,安碁
6175,立敦
6176,瑞儀
6177,達麗
6178,振遠
6179,亞通
6180,橘子
6181,宇詮
6182,合晶
6183,關貿
6184,大豐電
6185,幃翔
6186,新潤
6187,萬潤
6188,廣明
6189,豐藝
6190,萬泰科
6191,精成科
6192,巨路
6193,洪氏英
6194,育富
6195,詩肯
6196,帆宣
6197,佳必琪
6198,瑞築
6199,天品
6201,亞弘電
6202,盛群
6203,海韻電
6204,艾華
6205,詮欣
6206,飛捷
6207,雷科
6208,日揚
6209,今國光
6210,慶生
6211,福登
6212,理銘
6213,聯茂
6214,精誠
6215,和椿
6216,居易
6217,中探針
6218,豪勉
6219,富旺
6220,岳豐
6221,晉泰
6222,立軒
6223,旺矽
6224,聚鼎
6225,天瀚
6226,光鼎
6227,茂綸
6228,全譜
6229,研通
6230,尼得科超眾
6231,系微
6232,仕欽
6233,旺玖
6234,高僑
6235,華孚
6236,中湛
6237,驊訊
6238,勝麗
6239,力成
6240,松崗
6241,鑫永洋
6242,立康
6243,迅杰
6244,茂迪
6245,立端
6246,臺龍
6247,淇譽電
6248,沛波
6250,宇加
6251,定穎
6255,奈普
6257,矽格
6259,百徽
6261,久元
6262,鼎太國際
6263,普萊德
6264,富裔
6265,方土昶
6266,泰詠
6269,台郡
6270,倍微
6271,同欣電
6272,驊陞
6274,台燿
6275,元山
6276,安鈦克
6277,宏正
6278,台表科
6279,胡連
6280,崇貿
6281,全國電
6282,康舒
6283,淳安
6284,佳邦
6285,啟碁
6286,立錡
6287,元隆
6288,聯嘉
6289,華上
6290,良維
6291,沛亨
6292,迅德
6294,智基
6298,崴強
6402,基泰營
6404,通訊-KY
6405,悅城
6409,旭隼
6411,晶焱
6412,群電
6414,樺漢
6415,矽力*-KY
6416,瑞祺電通
6417,韋僑
6418,詠昇
6419,京晨科
6422,君耀-KY
6423,億而得
6425,易發
6426,統新
6431,光麗-KY
6432,今展科
6435,大中
6438,迅得
6441,廣錠
6442,光聖
6443,元晶
6446,藥華藥
6449,鈺邦
6451,訊芯-KY
6452,康友-KY
6456,GIS-KY
6457,紘康
6461,益得
6462,神盾
6464,台數科
6465,威潤
6469,大樹
6470,宇智
6472,保瑞
6474,華豫寧
6477,安集
6482,弘煜科
6485,點序
6486,互動
6488,環球晶
6491,晶碩
6492,生華科
6494,九齊
6496,科懋
6497,亞獅康-KY
6498,久禾光
6499,益安
6504,南六
6505,台塑化
6506,雙邦
6508,惠光
6509,聚和
6510,精測
6512,啟發電
6514,芮特-KY
6515,穎崴
6516,勤崴國際
6517,保勝光學
6523,達爾膚
6525,捷敏-KY
6526,達發
6527,明達醫
6530,創威
6531,愛普*
6532,瑞耘
6533,晶心科
6535,順藥
6538,倉和
6541,泰福-KY
6542,隆中
6546,正基
6547,高端疫苗
6548,長科*
6550,北極星藥業-KY
6552,易華電
6554,中美冠科-KY
6556,勝品
6558,興能高
6560,欣普羅
6561,是方
6568,宏觀
6569,醫揚
6570,維田
6573,虹揚-KY
6574,霈方
6576,逸達
6577,勁豐
6578,達邦蛋白
6579,研揚
6581,鋼聯
6582,申豐
6584,南俊國際
6585,鼎基
6588,東典光電
6589,台康生技
6590,普鴻
6591,動力-KY
6592,和潤企業
6593,台灣銘板
6594,展匯科
6596,寬宏藝術
6597,立誠
6598,ABC-KY
6603,富強鑫
6605,帝寶
6606,建德工業
6609,瀧澤科
6612,奈米醫材
6613,朋億*
6614,資拓宏宇
6615,慧智
6616,特昇-KY
6617,共信-KY
6620,漢達
6624,萬年清
6625,必應
6629,泰金-KY
6637,醫影
6640,均華
6641,基士德-KY
6642,富致
6643,M31
6649,台生材
6651,全宇昕
6654,天正國際
6655,科定
6657,華安
6658,聯策
6661,威健生技
6662,樂斯科
6664,群翊
6666,羅麗芬-KY
6667,信紘科
6668,中揚光
6669,緯穎
6670,復盛應用
6671,三能-KY
6672,騰輝電子-KY
6674,鋐寶科技
6679,鈺太
6680,鑫創電子
6683,雍智科技
6684,安格
6689,伊雲谷
6690,安碁資訊
6691,洋基工程
6692,進能服
6693,廣閎科
6695,芯鼎
6697,東捷資訊
6698,旭暉應材
6702,興航
6703,軒郁
6706,惠特
6708,天擎
6712,長聖
6715,嘉基
6716,應廣
6719,力智
6720,久昌
6721,信實
6722,輝創
6725,矽科宏晟
6727,亞泰金屬
6728,上洋
6730,常廣
6732,昇佳電子
6733,博晟生醫
6735,美達科技
6739,竹陞科技
6741,91APP*-KY
6742,澤米
6743,安普新
6747,亨泰光
6751,智聯服務
6752,叡揚
6753,龍德造船
6754,匯僑設計
6756,威鋒電子
6757,台灣虎航
6761,穩得
6762,達亞
6763,綠界科技*
6767,台微醫
6768,志強-KY
6770,力積電
6776,展碁國際
6781,AES-KY
6782,視陽
6785,昱展新藥
6788,華景電
6789,采鈺
6790,永豐實
6791,虎門科技
6792,詠業
6794,向榮生技
6796,晉弘
6799,來頡
6803,崑鼎
6804,明係
6805,富世達
6806,森崴能源
6807,峰源-KY
6811,宏碁資訊
6821,聯寶
6823,濾能
6829,千附精密
6830,汎銓
6831,邁科
6834,天二科技
6835,圓裕
6838,台新藥
6840,東研信超
6841,長佳智能
6843,進典
6844,諾貝兒
6846,綠茵
6855,數泓科
6856,鑫傳
6859,伯特光
6861,睿生光電
6862,三集瑞-KY
6863,永道-KY
6865,偉康科技
6869,雲豹能源
6870,騰雲
6872,浩宇生醫
6873,泓德能源
6874,倍力
6875,國邑*
6877,鏵友益
6881,潤德
6884,海柏特
6885,全福生技
6887,寶綠特-KY
6890,來億-KY
6894,衛司特
6895,宏碩系統
6899,創為精密
6901,鑽石投資
6902,GOGOLOOK
6903,巨漢
6904,伯鑫
6906,現觀科
6907,雅特力-KY
6909,創控
6910,德鴻
6913,鴻呈
6914,阜爾運通
6916,華凌
6918,愛派司
6919,康霈*
6922,宸曜
6923,中台
6925,意藍
6928,攸泰科技
6929,佑全
6931,青松健康
6933,AMAX-KY
6934,心誠鎂
6936,永鴻生技
6937,天虹
6944,兆聯實業
6945,圓祥生技
6952,大武山
6953,家碩
6957,裕慶-KY
6958,日盛台駿
6960,南山產物
6961,旅天下
6962,奕力-KY
6965,中傑-KY
6967,汎瑋材料
6968,萬達寵物
6971,惠民實業
6982,大井泵浦
6983,華洋精機
6986,和迅
6994,富威電力
6996,力領科技
6997,博弘
7402,邑錡
7547,碩網
7556,意德士
7584,樂意
7642,昶瑞機電
7703,銳澤
7704,明遠精密
7705,三商餐飲
7708,全家餐飲
7709,榮田
7711,永擎
7712,博盛半導體
7713,威力德生醫
7714,創泓科技
7715,裕山
7716,昱臺國際
7717,萊德光電-KY
7718,友鋮
7721,微程式
7722,LINEPAY
7723,築間
7728,光焱科技
7732,金興精密
7734,印能科技
7736,虎山
7738,東聯互動
7743,金利食安
7744,崴寶
7747,昕奇雲端
7749,意騰-KY
7750,新代
7751,竑騰
7753,星亞
7757,金色三麥
7760,享溫馨
7765,中華資安
7767,仁大資訊
7768,頌勝科技
7769,鴻勁
7770,君曜
7772,耀穎
7777,能率亞洲
7780,大研生醫*
7782,光速火箭
7786,東方風能
7788,松川精密
7791,皇家可口
7792,安葆
7794,宏碁智新
7795,長廣
7799,禾榮科
7805,威聯通
7810,捷創科技
7811,民盛
7818,溢泰實業
7819,精誠金融
7820,立盈
7821,神數
7822,倍利科
7828,創新服務
7839,達人網
7842,天能綠電
8002,資傳
8007,商合行
8008,建興電
8011,台通
8012,琭旦
8016,矽創
8017,展茂
8021,尖點
8024,佑華
8027,鈦昇
8028,昇陽半導體
8032,光菱
8033,雷虎
8034,榮群
8038,長園科
8039,台虹
8040,九暘
8042,金山電
8043,蜜望實
8044,網家
8045,達運光電
8046,南電
8047,星雲
8048,德勝
8049,晶采
8050,廣積
8053,巨擘
8054,安國
8059,凱碩
8064,東捷
8066,來思達
8067,志旭
8068,全達
8069,元太
8070,長華*
8071,能率網通
8072,陞泰
8074,鉅橡
8076,伍豐
8077,洛碁
8078,華寶
8079,誠遠
8080,泰霖
8081,致新
8082,深耕
8083,瑞穎
8084,巨虹
8085,福華
8086,宏捷科
8087,麗升能源
8088,品安
8089,康全電訊
8091,翔名
8092,建暐
8093,保銳
8096,擎亞
8097,常珵
8099,大世科
8101,華冠
8102,傑霖科技
8103,瀚荃
8104,錸寶
8105,凌巨
8107,大億金茂
8109,博大
8110,華東
8111,立碁
8112,至上
8114,振樺電
8121,越峰
8131,福懋科
8147,正淩
8150,南茂
8155,博智
8163,達方
8171,天宇
8176,智捷
8182,加高
8183,精星
8199,廣鎵
8201,無敵
8210,勤誠
8213,志超
8215,明基材
8222,寶一
8227,巨有科技
8234,新漢
8240,華宏
8249,菱光
8255,朋程
8261,富鼎
8266,中日新
8271,宇瞻
8272,全景軟體
8277,商丞
8279,生展
8284,三竹
8287,英格爾
8289,泰藝
8291,尚茂
8295,中強
8299,群聯
8303,華登
8341,日友
8342,益張
8349,恒耀
8354,冠好
8358,金居
8367,建新國際
8374,羅昇
8382,美式
8383,千附
8390,金益鼎
8401,白紗科
8403,盛弘
8404,百和興業-KY
8406,金可-KY
8409,商之器
8410,森田
8411,福貞-KY
8415,大國鋼
8416,實威
8418,捷必勝-KY
8420,明揚
8421,旭源
8422,可寧衛*
8423,保綠-KY
8424,惠普
8426,紅木-KY
8427,基勝-KY
8429,金麗-KY
8431,匯鑽科
8432,東生華
8433,弘帆
8435,鉅邁
8436,大江
8437,大地-KY
8438,昶昕
8440,綠電
8442,威宏-KY
8443,阿瘦
8444,綠河-KY
8446,華研
8450,霹靂
8454,富邦媒
8455,大拓-KY
8462,柏文
8463,潤泰材
8464,億豐
8466,美吉吉-KY
8467,波力-KY
8472,夠麻吉
8473,山林水
8476,台境*
8477,創業家
8478,東哥遊艇
8480,泰昇-KY
8481,政伸
8482,商億-KY
8488,吉源-KY
8489,三貝德
8497,格威傳媒
8499,鼎炫-KY
8701,正豐
8702,羽田
8704,大業
8705,D 東隆
8706,金緯
8707,中精機
8708,大鋼
8709,峰安
8710,易欣
8711,大穎
8712,國產車
8713,延穎
8714,紐新
8716,尖美
8717,瑞圓
8718,工礦
8719,宏福
8720,元富
8721,尚鋒
8722,尚德
8723,順大裕
8724,立大
8725,三采
8905,裕國
8906,花王
8907,三粹
8908,欣雄
8910,五洲
8913,全銓
8916,光隆
8917,欣泰
8921,沈氏
8923,時報
8924,大田
8925,偉盟
8926,台汽電
8927,北基
8928,鉅明
8929,富堡
8930,青鋼
8931,大汽電
8932,智通*
8933,愛地雅
8934,衡平
8935,邦泰
8936,國統
8937,合騏*
8938,明安
8940,新天地
8941,關中
8942,森鉅
8996,高力
910069,新曄
9101,福雷電
9102,東亞科
9103,美德醫療-DR
910322,康師傅-DR
9104,萬宇科
910482,聖馬丁-DR
9105,泰金寶-DR
910579,歐聖
9106,新焦點-DR
910708,恒大健-DR
910801,金衛-DR
910861,神州-DR
910948,融達
9110,越南控-DR
911201,僑威控
911602,華豐泰
911606,超級
911608,明輝-DR
911609,揚子江
911610,聯環
911611,中泰山-DR
911612,滬安
911613,特藝-DR
911616,杜康-DR
911619,耀傑-DR
911622,泰聚亨-DR
911626,MSH-DR
911868,同方友友-DR
912000,晨訊科-DR
912398,友佳-DR
9136,巨騰-DR
913889,大成糖
9151,旺旺
9157,陽光能源-DR
916665,爾必達
9188,精熙-DR
9801,力霸
9802,鈺齊-KY
9902,台火
9903,光男
9904,寶成
9905,大華
9906,欣巴巴
9907,統一實
9908,大台北
9910,豐泰
9911,櫻花
9912,偉聯
9914,美利達
9915,Ｄ億豐
9917,中保科
9918,欣天然
9919,康那香
9921,巨大
9922,優美
9924,福興
9925,新保
9926,新海
9927,泰銘
9928,中視
9929,秋雨
9930,中聯資源
9931,欣高
9933,中鼎
9934,成霖
9935,慶豐富
9936,欣錩
9937,全國
9938,百和
9939,宏全
9940,信義
9941,裕融
9942,茂順
9943,好樂迪
9944,新麗
9945,潤泰新
9946,三發地產
9949,琉園
9950,萬國通
9951,皇田
9955,佳龍
9958,世紀鋼
9960,邁達康
9962,有益
L2301,光寶
