relpath,size_bytes,sha256,mtime_utc
0050 股價、報酬率 2005-20260806/0050 2004.xlsx,19068,923e0c95f4f26ca505a104f0523ad3024afb90d35de5b7b665742ec850c7a61e,2026-08-06T13:24:56.169415+00:00
0050 股價、報酬率 2005-20260806/0050 2005-2007.xlsx,25982,d2745cc6c262b7e964e3b376aa8027112286efbb8c38308b4f4f8c2ff080476f,2026-07-22T10:02:07.713294+00:00
0050 股價、報酬率 2005-20260806/0050 2008-2009.xlsx,19543,d3ad2fe91809b44c7493eb3e4a30d4c5947663b904e0ce9e4bebf461090a3ce4,2026-07-22T10:03:08.292044+00:00
0050 股價、報酬率 2005-20260806/0050 2010-2011.xlsx,19165,f544f9cf246e3f9be613d100ca3da09e49f7458788bad452619f0a6a83fcdf9d,2026-07-22T10:03:47.415287+00:00
0050 股價、報酬率 2005-20260806/0050 2012-2013.xlsx,18913,f678d34670aefd166a73d806ca42629d64896c12e5643bfc22de68ffda6b1045,2026-07-22T10:04:18.849780+00:00
0050 股價、報酬率 2005-20260806/0050 2014-2016.xlsx,25306,bdc2c79e740bcb38b521835028f7287093137de12920ffd02990880bcdc8777c,2026-07-22T10:04:57.088383+00:00
0050 股價、報酬率 2005-20260806/0050 2017-2019.xlsx,25459,6ade803d035621744542a9fb40ec709602b7c5285e239d7f9c075f9dfe588b9d,2026-07-22T10:05:31.885020+00:00
0050 股價、報酬率 2005-20260806/0050 2020-2022.xlsx,26160,e1a2bca4ea10a5ecee19d0e91b23308091e12c97406efb23eafa928f8bde2f16,2026-07-22T10:06:03.031244+00:00
0050 股價、報酬率 2005-20260806/0050 2023-20260722.xlsx,29976,296bcc1d109f65c149d7cb5de83d99af00b122fd7e33565ff60d8f13d9bb8b22,2026-07-22T10:06:29.913810+00:00
0050 股價、報酬率 2005-20260806/0050 20260723-0806.xlsx,5555,b79a7baa6cb68bc02c08bd422eaff567dc52ff65ef58be0c7f8cdfd92edb2cdc,2026-08-06T13:22:42.545028+00:00
個股股價、本益比2004-20260806/2004DataExport.xlsx,18885147,67208e2c45d148271d9ad94ef2837ee5836d0e2861014ddbd32c21f6bccb5e40,2026-07-15T10:23:31.940125+00:00
個股股價、本益比2004-20260806/2005DataExport.xlsx,19773623,611613cff1de868bf74ed63a123af68c79d85fdcd7922df63b2b3bcc39816598,2026-07-15T10:30:03.174583+00:00
個股股價、本益比2004-20260806/2006DataExport.xlsx,20270201,bb8598042cb98b19895ad0746888d49ac1ee36a80e8ebabe929bb1b842120f24,2026-07-15T10:34:45.609980+00:00
個股股價、本益比2004-20260806/2007DataExport.xlsx,20925737,690c0b8674fe883ef38fcb1e8c193537307ef384ce4c854f308a1df150548cda,2026-07-15T10:37:50.944267+00:00
個股股價、本益比2004-20260806/2008DataExport.xlsx,21503337,4dc80ec521a2809e847f93d85e3c66bb69b61148b2d2bbcd3bff0218147952ba,2026-07-15T10:45:31.841287+00:00
個股股價、本益比2004-20260806/2009DataExport.xlsx,21642282,f271c5dcf973291971048698674d585c9348657c8911da361e40e2edf39e1714,2026-07-15T10:48:58.660271+00:00
個股股價、本益比2004-20260806/2010DataExport.xlsx,22476162,ffcf2db8710e75dfeb4211f6c09c8494a422cb9e8fac5c16a2ac4340c2681ea7,2026-07-15T10:53:05.388191+00:00
個股股價、本益比2004-20260806/2011DataExport.xlsx,23199105,708d3b84b427fac5a7d8475813f676dfc3cd3df2ee32fbb9240c40f376b75b5e,2026-07-15T10:56:58.955021+00:00
個股股價、本益比2004-20260806/2012DataExport.xlsx,23971113,722d3bf2f6a137c2a43ee6ccb69830ecb0e399bc05f55eb8662f77d5cb626a4d,2026-07-15T11:00:01.894366+00:00
個股股價、本益比2004-20260806/2013DataExport.xlsx,24095256,0ea45a264f339f010829c50f646d570e716a2d5c801c63f1bc3d7b77115e4243,2026-07-15T11:03:56.428122+00:00
個股股價、本益比2004-20260806/2014DataExport.xlsx,25186790,885fe312cf23e0a5f41ac488b5ad2e4e322c08b4c2a7e7c71bcaff2bf0c990a4,2026-07-15T11:09:19.712470+00:00
個股股價、本益比2004-20260806/2015DataExport.xlsx,25641021,d3be324f44e3a01bf83ee43c5abf2678a4ee12e236ef11f510430e2e827ba836,2026-07-15T11:15:58.763315+00:00
個股股價、本益比2004-20260806/2016DataExport.xlsx,25782064,69f161cb6840e48b1d29918689f27541d7dd0d5ac21d42eb1a58c756b916de67,2026-07-15T11:20:24.294971+00:00
個股股價、本益比2004-20260806/2017DataExport.xlsx,26363668,fe5211c6cd1e76205d7be6d50e287c61b138c7d27e13d1b827773b1f667c818c,2026-07-15T11:23:55.702058+00:00
個股股價、本益比2004-20260806/2018DataExport.xlsx,26941686,aabd88716d81a398d17d7de9a0c3ddf50f04714b8d70849d810ecc8586a556e7,2026-07-15T11:27:27.177848+00:00
個股股價、本益比2004-20260806/2019DataExport.xlsx,26244910,d21051482d91f1e9fa26194d3b9cd91f4b2029679812a41055af479ab40ff20d,2026-07-14T09:57:47.713723+00:00
個股股價、本益比2004-20260806/2020DataExport.xlsx,27894773,6e1e5332f33418a8b6d89ff431afb862fa7507dfd67f48474d44e2b54d0a4964,2026-07-14T10:06:58.111622+00:00
個股股價、本益比2004-20260806/2021DataExport.xlsx,28583349,ae6b41d884f4f2d0ebc63c16f6e2230611414a186b6f6143ee84410698802a71,2026-07-14T10:17:31.359798+00:00
個股股價、本益比2004-20260806/2022DataExport.xlsx,29383133,2cd86332b6019af80656dc7f7ff2e2f8d499c29a5d680056b6620b860c425ff7,2026-07-14T09:32:44.093521+00:00
個股股價、本益比2004-20260806/2023DataExport.xlsx,28864849,1b7e5b625eecc3c61e8750b39aea5c43a799a587d71081151088bec8962f96de,2026-07-14T10:27:03.066398+00:00
個股股價、本益比2004-20260806/2024DataExport.xlsx,30261636,a2320b0d269ae3e330927f056073d709119b205222dc25a53a4622732caf68c8,2026-07-14T10:31:25.280036+00:00
個股股價、本益比2004-20260806/2025DataExport.xlsx,30873082,4dc616a7e89d31dcf7d6ef8f996b369ba7adffd81a96590b107b3252fdedeaf9,2026-07-14T10:36:33.870355+00:00
個股股價、本益比2004-20260806/20260714DataExport.xlsx,16229635,5783920405d4cea6bfe43a4ada17e3c69fd733624fba971cd7197b8924b53739,2026-07-14T10:39:05.496537+00:00
個股股價、本益比2004-20260806/個股股價、本益比20260715-0806.xlsx,2666365,b000ee547bb58d8d767de41687844c69617a920d6b7ff4cb1c5d2464fe61cf63,2026-08-06T13:30:52.470176+00:00
基本資料/公司資料.xlsx,485643,c60b0aab1bcc489150bb9938a7a6ce6d8ee356f8286ef8dad478e025aa86bcce,2026-08-06T16:15:01.148592+00:00
暫停交易2004-20260806/暫停交易2004-2007/20260806072806.xlsx,21853,8fca2c5dad64f84682bd86178d2b0edfbce26635a0b41fd3399159873c4227d6,2026-08-06T11:28:14.838292+00:00
暫停交易2004-20260806/暫停交易2008-2011/20260806072856.xlsx,22254,e4f18626d628baeb4aae3906b2f32f674144c1bd130e691c3ed61e541857dc3f,2026-08-06T11:29:05.848784+00:00
暫停交易2004-20260806/暫停交易2012-2015/20260806072941.xlsx,20915,ae32edbb8e83c9d359da65b2a467afa9716cdeb32909edb4f5f9feaf293c481a,2026-08-06T11:29:51.170471+00:00
暫停交易2004-20260806/暫停交易2016-2019/20260806073039.xlsx,32441,f2a9012fce065d2f95aaea27d2cc7fa9afa00a02c3598c39715bf73b9e268260,2026-08-06T11:30:49.122797+00:00
暫停交易2004-20260806/暫停交易2020-2023/20260806073149.xlsx,27354,17145b96751bf00e3a13c2323594eda3951d6893ed95aeff7098452360d25638,2026-08-06T11:31:58.360477+00:00
暫停交易2004-20260806/暫停交易2024-20260806/20260806073303.xlsx,21536,8d2f9c2c71b269c2f7a72c0f05861ede5cbf445f447bc3ee964cb9b9d3b97d3a,2026-08-06T11:33:12.974194+00:00
月營收2004-202608/20260806091706.xlsx,33589792,237e13abae8dafbadd01881920427ef1c3f0f7da9b226f88495f770b1d0b0fab,2026-08-06T13:17:38.979251+00:00
法人回測2004-20260806/2004 法人.xlsx,26275280,cbeda8b98c989f88de406dfb358f896d18c1f092b16e4c36fdaae7c67760f842,2026-08-05T19:21:20.732171+00:00
法人回測2004-20260806/2005 法人.xlsx,27378678,676637b9457e89f589b3ed020e343549dd902a53fe39051cca75f2856ba8a033,2026-08-05T19:26:11.309474+00:00
法人回測2004-20260806/2006 法人.xlsx,28523540,41b85ceb3ead054ddac611dc476f17326fc39ee3d30825a348e574f35f8af5fc,2026-08-05T19:31:53.759638+00:00
法人回測2004-20260806/2007 法人.xlsx,30002038,eff7dd552e0ca3676ffe98b4adb2d7bc603d0ebb1d3e5ad1ab271b7571e46353,2026-08-05T19:39:04.939601+00:00
法人回測2004-20260806/2008 法人.xlsx,30628775,89dcebe8352d01b9f0c4bd17f116aafa54c4375b88fdd16c4567b5511359ae64,2026-08-06T09:09:00.848333+00:00
法人回測2004-20260806/2009 法人.xlsx,31700224,06a9d9ede587b0a413ef0abaa559f53f2da55b21861a24a35ebbc3728aaa3680,2026-08-06T09:15:37.806673+00:00
法人回測2004-20260806/2010 法人.xlsx,33373717,e4e19c54d289f73c911848e203b6a67b90d5504edcc9dcac9eaaec5891811875,2026-08-06T09:23:35.055475+00:00
法人回測2004-20260806/2011 法人.xlsx,33781535,0880848f4f0e3c960c3a7401034d4b322a239b740f6f33f6cf72579615ff2db0,2026-08-06T09:29:48.792221+00:00
法人回測2004-20260806/2012 法人.xlsx,35484917,d040af265c0207119768b20df34ff22d3def17a1a805a0b4389ebdea6d132427,2026-08-06T09:35:29.968606+00:00
法人回測2004-20260806/2013-14法人.xlsx,97732127,7e6ae8c483499805e87169c830ed547c75c2e5726141ac8ade29f5619292010a,2026-08-06T09:58:02.935008+00:00
法人回測2004-20260806/2015-2016法人.xlsx,103403030,e2dc35e61bd8f738db79e221625eaf99076020d5fbd3b1dab5c71b8f14185280,2026-08-06T10:01:54.157215+00:00
法人回測2004-20260806/2017-2018 法人.xlsx,107480118,0d9e64517c9735acf2deeae60cea6da9c53f8ecd65868d757e1c8750e1ed2eeb,2026-08-06T10:06:28.355679+00:00
法人回測2004-20260806/2019-2020 法人.xlsx,107591415,223ad22c20306919b71134e3e5dffdf4386736e21cd5abb606159ad9863f5838,2026-08-06T10:09:05.448479+00:00
法人回測2004-20260806/2021-2022法人.xlsx,113653770,246134a34a21d7e3dc47798e03ae06a9e92904caa974e1da055ce890127093e5,2026-08-06T10:12:16.530368+00:00
法人回測2004-20260806/2023-2024法人.xlsx,118365732,361be7f52fda1311911742b06a4e25736695d6cb71f5ee896188665c84ae0c68,2026-08-06T10:14:29.704998+00:00
法人回測2004-20260806/2025-20260806 法人.xlsx,97905540,bd315c780dd0b3484aeb96c0d5835bf629104628d3e524d39e5e6e62ca35e735,2026-08-06T10:16:37.906582+00:00
產業類別/歷史產業類別.xlsx,345432,d847caf7d788e4234e5514535354381915fad707731aa23bf236f68fdff74b73,2026-08-05T15:57:39.686917+00:00
產業類別/現在產業類別.xlsx,122133,966318f2be97e15805c4c5751654370f65a5405c2d1b681c3b5bfdbdb1d03abf,2026-07-15T05:16:47.056118+00:00
處置注意股2004-20260806/2008-2011 警示.zip,11464089,9252ee10f336503ccbe5d0e1a5612fb50ed7ca616e853b81ea6537b5f4d98c49,2026-08-06T15:28:39.523294+00:00
處置注意股2004-20260806/2012-2015警示.zip,12760003,13aa2555a75b2c8ec5f8637b7be5247a0d7f5af67f35eeec9cd0c67aa84d1ef5,2026-08-06T15:31:03.398161+00:00
處置注意股2004-20260806/2016-2019警示.zip,14164871,3613c0ad9f5f6927995accd17a499865a6e8f4fda30ed0dc3e59bd592d43ca2a,2026-08-06T15:32:35.066826+00:00
處置注意股2004-20260806/2020-2023警示.zip,14542838,b9b4cc88a98ca32c52a023b6b1dcc0375a0592043ab033b7fc820b60025c58f3,2026-08-06T15:34:59.591204+00:00
處置注意股2004-20260806/2024-20260806警示.zip,9977341,fa1aff7810b48a4716b649cb325f46f3448adf0764e112e7d151040c020a3cfa,2026-08-06T15:36:23.003235+00:00
處置注意股2004-20260806/處置注意股2004-2007/20260806071703.xlsx,20644576,43155dd264075792aa7726698fda68eb560af60b46e2595ee35ab9798ea537d2,2026-08-06T11:17:28.801567+00:00
融資融券2004-20260806/融資2007-2010.zip,53550453,f7cb340e410681d67c1c2699b62099b83eb0e2d7a484a9677e30ed2f796a1cc4,2026-08-06T15:41:25.755577+00:00
融資融券2004-20260806/融資2011-2014.zip,63252959,b977901d1b5868ca582866911f9258ca4b2318a7b01f02d4ed11a5fd98811d82,2026-08-06T15:43:19.687939+00:00
融資融券2004-20260806/融資2015-2018.zip,69355985,b3d3c9b6a06f1e6ec06ec17d9c1e032dc7920c5dacc63cd209fd97eca791a909,2026-08-06T15:45:45.293300+00:00
融資融券2004-20260806/融資2019-2022.zip,72496790,ebd249d30181136710f2143151ea807ed71b9d5ecbaa1325fa51f39bc29e1b97,2026-08-06T15:49:01.452068+00:00
融資融券2004-20260806/融資2023-20260806.zip,70715541,eaa469df47cd2924dfc137451a6552c91fb56c49dc5936911b28848a62b62255,2026-08-06T15:51:42.510639+00:00
融資融券2004-20260806/融資融券2004-2006/融資融券2004-2006.xlsx,93541023,72b02ac36602758c0260b7a229f166f63855cee32039d69de31cc233123a7832,2026-08-06T10:30:20.616435+00:00
財報2004~202606/202606 財報583家 8-10.xlsx,221486,d0b9ef3b31efd32549d5153c7124d8b2e97a559a822d4aea98f9d1f923d54418,2026-08-10T11:41:15.779526+00:00
財報2004~202606/20260806090633.xlsx,55352771,97574a0892ed01292b0ea781c340ce711ae96bd7c17d3fd5aad79ead57016832,2026-08-06T13:07:11.456131+00:00
除權息2004-20260806/除權息2004-2007/20260806070040.xlsx,240008,88613dcad20834080598f177d86e5ff7efefdf04d678186aedc49915a53e8443,2026-08-06T11:00:46.363241+00:00
除權息2004-20260806/除權息2008-2011/20260806070135.xlsx,262110,70d127ed691836d1302eeac07de03cfe9c1dc35b573a4763c277767927052bd5,2026-08-06T11:01:43.306188+00:00
除權息2004-20260806/除權息2012-2015/20260806070245.xlsx,312907,8cf1687592476f8ddaa08bf6a63b5aeaa58c6697d44543c267b1029f4ee352da,2026-08-06T11:02:53.296283+00:00
除權息2004-20260806/除權息2016-2019/20260806070403.xlsx,350683,3f14cb4f2764c1b184d7c6289f568795a39fd369347d5b34ff4d180e41ccee2c,2026-08-06T11:04:09.153175+00:00
除權息2004-20260806/除權息2020-2023/20260806070513.xlsx,393273,3edc6cf8c0509222af8dc0c4f6a59f1114c621a8e34a5013c0c9231a5e1aaf11,2026-08-06T11:05:19.145957+00:00
除權息2004-20260806/除權息2024-20260806/20260806070616.xlsx,297084,b3111591a6aa53ed4c994ec286d2021f8aa66b4dc59abd93795ea35edfefb919,2026-08-06T11:06:23.546461+00:00
集保大戶2019-20260806/TDCC 20260710-0806.xlsx,354450,b2bac48cf2454dbc4fd5dc90bd8c26103bc0ebdf194cc38d46cb54df23209682,2026-08-06T13:27:48.274989+00:00
集保大戶2019-20260806/TDCC2019.xlsx,3470378,fc24f02fed04b4042325691498364ba3218283315824082c790a96e534b5a834,2026-07-15T05:25:48.069694+00:00
集保大戶2019-20260806/TDCC2020.xlsx,3737469,3389efe7a9ba17f5cd4c8b8434e3ce4c4b89ca3dadc868d52692a0ac32c5629d,2026-07-15T05:27:51.375971+00:00
集保大戶2019-20260806/TDCC2021.xlsx,3864016,422d537cefe9eabf65f01ff63b40b607a96f80f3e3ccbe155b3dd3bb8705f9f9,2026-07-15T05:29:29.486758+00:00
集保大戶2019-20260806/TDCC2022.xlsx,3890899,a02478b8c165bd213a52a43463498efd881a61dc255547609a38e02cf4c5f2d9,2026-07-15T05:30:40.081853+00:00
集保大戶2019-20260806/TDCC2023.xlsx,3626933,89ab49a78a1ab79d08eec8329e0e2200970ccea0a70e10b09288aeadf0795d9d,2026-07-15T05:33:40.534742+00:00
集保大戶2019-20260806/TDCC2024.xlsx,4165427,0a1c33d97c128e647593a733916c77773e2d2bc54bf21cad2a8fce632035d54f,2026-07-15T05:41:24.097214+00:00
集保大戶2019-20260806/TDCC2025.xlsx,4191583,fb332a04e7dfe0476a65ef78c9b403c3a279cc6758f751b64ef16688104f210c,2026-07-15T05:47:40.775161+00:00
集保大戶2019-20260806/TDCC2026-0709.xlsx,2297592,6ca36df81291dd4de67e3800afdce479e1da651a0a782bbc7c70b2f93f852d12,2026-07-15T05:49:51.623543+00:00
集團分類+董監質押與持股比2019-202606/pledge.xlsx,5480995,0cbaa71e57e35067d13c63b69f7216dd7d4d18f4382d197c4253d167a0fa9989,2026-07-15T05:21:02.774571+00:00
