factor,dir,mode,adv,sharpe,cagr,months
value,高,top20%,2000萬,0.14957045162940216,4.424461954132686,256
value,高,top10%,2000萬,0.003848607711841601,1.089623421074526,256
value,高,top5%,2000萬,-0.08743755612873771,-1.05575334167054,256
value,高,N=25,2000萬,-0.13572358915968508,-2.2493201175728283,256
value,高,N=15,2000萬,-0.1730781501175432,-3.232122447209229,256
value,高,N=8,2000萬,-0.2396065678456115,-5.228702445008249,256
value,低,top20%,2000萬,0.25286842173161683,7.406612480588781,256
value,低,top10%,2000萬,0.17892944718146706,5.469018586977392,256
value,低,top5%,2000萬,0.1975472236098089,6.085469880948047,256
value,低,N=25,2000萬,0.2352175899929434,7.2245844765894685,256
value,低,N=15,2000萬,0.18353930183348816,5.973338703762687,256
value,低,N=8,2000萬,0.06078978215675078,2.7538949761143128,256
value_ind,高,top20%,2000萬,0.17750692597765064,5.091539458109939,256
value_ind,高,top10%,2000萬,0.1159962877630255,3.6896103477524145,256
value_ind,高,top5%,2000萬,0.030021133873264397,1.7029765533003616,256
value_ind,高,N=25,2000萬,0.010857506030406276,1.2539185933170272,256
value_ind,高,N=15,2000萬,0.000682010201918989,1.0160325134663584,256
value_ind,高,N=8,2000萬,0.053131835170850246,2.291647111676376,256
value_ind,低,top20%,2000萬,0.18832763693755109,5.668938443972782,256
value_ind,低,top10%,2000萬,0.09421323861653658,3.4065544927132985,256
value_ind,低,top5%,2000萬,0.04920552372850206,2.3450698406588755,256
value_ind,低,N=25,2000萬,0.0892385054164321,3.4479112625679154,256
value_ind,低,N=15,2000萬,0.10145605628282024,3.9302846333638675,256
value_ind,低,N=8,2000萬,0.12182227541131646,4.958246397312127,256
momentum,高,top20%,2000萬,0.03503206401805682,1.9073336150285503,256
momentum,高,top10%,2000萬,0.0013723310709061697,1.0384360844024387,256
momentum,高,top5%,2000萬,0.03337038601166061,2.0433843158925047,256
momentum,高,N=25,2000萬,-0.01142392430022175,0.6405077919972024,256
momentum,高,N=15,2000萬,0.058580730728746824,3.0015486669451974,256
momentum,高,N=8,2000萬,0.015329489789240845,1.600903552565569,256
momentum,低,top20%,2000萬,0.07792069361537458,3.0517412068607364,256
momentum,低,top10%,2000萬,0.09271087888652088,3.6273797343279846,256
momentum,低,top5%,2000萬,0.09908207407848661,4.015892939853449,256
momentum,低,N=25,2000萬,0.08351349931570955,3.5360069510421033,256
momentum,低,N=15,2000萬,0.06549260580249604,3.109882612638093,256
momentum,低,N=8,2000萬,-0.030019738588654275,-0.014139794327050481,256
mom60,高,top20%,2000萬,0.3303026480634561,9.85110689895996,256
mom60,高,top10%,2000萬,0.2614804950839016,8.643622221446034,256
mom60,高,top5%,2000萬,0.2821488554334049,10.1958962723822,256
mom60,高,N=25,2000萬,0.23794237732003057,8.853834012196193,256
mom60,高,N=15,2000萬,0.26377495629763414,10.743997213033829,256
mom60,高,N=8,2000萬,0.26240641280620397,12.700019691409237,256
mom60,低,top20%,2000萬,-0.03428490176473019,0.0785000700425087,256
mom60,低,top10%,2000萬,-0.029890482363133616,0.12744984869783593,256
mom60,低,top5%,2000萬,-0.023158302670605917,0.2527368999646784,256
mom60,低,N=25,2000萬,-0.05030594053036813,-0.5824988335974224,256
mom60,低,N=15,2000萬,-0.022642170934770233,0.2324002191876673,256
mom60,低,N=8,2000萬,-0.04906563903697439,-0.7798204436752276,256
mom120,高,top20%,2000萬,0.425943051097945,12.841832020134692,256
mom120,高,top10%,2000萬,0.3826267341439843,12.923404359839852,256
mom120,高,top5%,2000萬,0.3732171001052186,14.039012324945709,256
mom120,高,N=25,2000萬,0.3775499883533388,14.25523674489697,256
mom120,高,N=15,2000萬,0.3049530930743556,13.034663936629464,256
mom120,高,N=8,2000萬,0.13127829928483747,7.476171702182133,256
mom120,低,top20%,2000萬,-0.08272677382088715,-1.1874396998334813,256
mom120,低,top10%,2000萬,-0.17717579144438192,-4.104155869457571,256
mom120,低,top5%,2000萬,-0.22356872254899013,-6.06208491087743,256
mom120,低,N=25,2000萬,-0.22288056956649882,-5.856443865065108,256
mom120,低,N=15,2000萬,-0.2468946898594714,-7.119069696541336,256
mom120,低,N=8,2000萬,-0.2347563398127418,-7.3012043029645035,256
chip,高,top20%,2000萬,0.21723937784612288,5.594693364764747,256
chip,高,top10%,2000萬,0.20445296301596574,5.020019389672248,256
chip,高,top5%,2000萬,0.19391982820590017,4.742914895791417,256
chip,高,N=25,2000萬,0.17160011724030302,4.27721899645046,256
chip,高,N=15,2000萬,0.19669353835487494,4.679427739289799,256
chip,高,N=8,2000萬,0.08085221292849766,2.5389522638297635,256
chip,低,top20%,2000萬,0.1628053411673863,4.377127142365467,256
chip,低,top10%,2000萬,0.20611174533061494,5.011658848551703,256
chip,低,top5%,2000萬,0.1742940718162138,4.239456605527914,256
chip,低,N=25,2000萬,0.18505567678890472,4.426833659632301,256
chip,低,N=15,2000萬,0.21629804300477756,4.94131933524018,256
chip,低,N=8,2000萬,0.16864691442309646,4.036915442294831,256
chip5,高,top20%,2000萬,0.10630754895027525,3.2357373535949696,256
chip5,高,top10%,2000萬,0.043998889133222065,1.8453555308236336,256
chip5,高,top5%,2000萬,0.02182400536405415,1.399878162222623,256
chip5,高,N=25,2000萬,-0.008125708479005952,0.8480635350468502,256
chip5,高,N=15,2000萬,-0.09208805118634614,-0.6607206276294519,256
chip5,高,N=8,2000萬,-0.020344925581308633,0.6118500797962279,256
chip5,低,top20%,2000萬,0.21362063527089406,5.636675632095578,256
chip5,低,top10%,2000萬,0.2781515898208895,6.737287499193467,256
chip5,低,top5%,2000萬,0.24736859561320138,5.907209975617356,256
chip5,低,N=25,2000萬,0.25804407622117626,6.1760239050626,256
chip5,低,N=15,2000萬,0.3065246822775453,7.034033920381355,256
chip5,低,N=8,2000萬,0.29340009128992606,6.8835912498265595,256
chip10,高,top20%,2000萬,0.185461310819862,4.9388108709186085,256
chip10,高,top10%,2000萬,0.11923320236580394,3.371046916730003,256
chip10,高,top5%,2000萬,0.1164715800743849,3.217734008862405,256
chip10,高,N=25,2000萬,0.12199946338706188,3.3467965425819868,256
chip10,高,N=15,2000萬,0.09954958619632694,2.8820105644529193,256
chip10,高,N=8,2000萬,0.14829922554910152,3.951583248760482,256
chip10,低,top20%,2000萬,0.18214684326369848,4.773669824060378,256
chip10,低,top10%,2000萬,0.204404092215339,4.971291849346304,256
chip10,低,top5%,2000萬,0.18781165465950236,4.4592164946181345,256
chip10,低,N=25,2000萬,0.20847079015613001,4.947060855528496,256
chip10,低,N=15,2000萬,0.15524790455720155,3.9329439533134725,256
chip10,低,N=8,2000萬,0.2694985025087345,5.918205098507734,256
chip60,高,top20%,2000萬,0.48757154995658736,11.015521899718262,256
chip60,高,top10%,2000萬,0.4148323293997311,8.740941490724197,256
chip60,高,top5%,2000萬,0.2845327768400419,6.215916831844104,256
chip60,高,N=25,2000萬,0.365528826606398,7.670267139373288,256
chip60,高,N=15,2000萬,0.1809904384401213,4.33176616008395,256
chip60,高,N=8,2000萬,0.1747769411848107,4.126499856049781,256
chip60,低,top20%,2000萬,0.14344329460436905,3.9757506681917576,256
chip60,低,top10%,2000萬,0.18946537442347028,4.66254129601833,256
chip60,低,top5%,2000萬,0.2758257064455779,6.042213512790995,256
chip60,低,N=25,2000萬,0.27356309019434005,5.990976981008589,256
chip60,低,N=15,2000萬,0.27330244481637594,5.951507882481044,256
chip60,低,N=8,2000萬,0.10698879046272798,3.0302058567990287,256
chip_accel,高,top20%,2000萬,0.011066925777677192,1.2337122906005638,256
chip_accel,高,top10%,2000萬,-0.02767366419845947,0.45684687708751337,256
chip_accel,高,top5%,2000萬,-0.13372482237712305,-1.4278331787171306,256
chip_accel,高,N=25,2000萬,-0.09992115386398698,-0.8666497840032261,256
chip_accel,高,N=15,2000萬,-0.0425087570391216,0.2251668697021758,256
chip_accel,高,N=8,2000萬,-0.029842676269674198,0.4346234788693115,256
chip_accel,低,top20%,2000萬,0.23031896188594803,6.1359180275534,256
chip_accel,低,top10%,2000萬,0.20693408203078612,5.3307071119691685,256
chip_accel,低,top5%,2000萬,0.10518337549118201,3.2037370694612877,256
chip_accel,低,N=25,2000萬,0.13491599035573262,3.903838615034805,256
chip_accel,低,N=15,2000萬,0.057026147262591864,2.2107327864423487,256
chip_accel,低,N=8,2000萬,-0.06140786016828858,-0.35695814383930324,256
revenue_yoy,高,top20%,2000萬,0.4598177704095396,12.87594918348487,256
revenue_yoy,高,top10%,2000萬,0.3808122950679808,11.36169741801969,256
revenue_yoy,高,top5%,2000萬,0.2530383944204256,8.220092050982375,256
revenue_yoy,高,N=25,2000萬,0.2241402246271756,7.452542317720701,256
revenue_yoy,高,N=15,2000萬,0.16743825750127786,6.03172837959054,256
revenue_yoy,高,N=8,2000萬,0.04131273131010971,2.3357089081436966,256
revenue_yoy,低,top20%,2000萬,-0.1990649062465662,-3.82411526287616,256
revenue_yoy,低,top10%,2000萬,-0.2609026235698264,-5.559365935865657,256
revenue_yoy,低,top5%,2000萬,-0.27694859460717736,-6.312140310874648,256
revenue_yoy,低,N=25,2000萬,-0.264700012654249,-5.974588951120241,256
revenue_yoy,低,N=15,2000萬,-0.3095910336191916,-7.576511152202059,256
revenue_yoy,低,N=8,2000萬,-0.3364104081536769,-8.984644481261373,256
rev_yoy_3m,高,top20%,2000萬,0.46187978920382405,13.019776893867462,256
rev_yoy_3m,高,top10%,2000萬,0.42566006314270177,12.68327254880537,256
rev_yoy_3m,高,top5%,2000萬,0.3704486492043505,11.655306091720874,256
rev_yoy_3m,高,N=25,2000萬,0.3662212365261866,11.480220292979727,256
rev_yoy_3m,高,N=15,2000萬,0.23622369735155835,8.005620868570551,256
rev_yoy_3m,高,N=8,2000萬,0.03551482847614248,2.05342615543036,256
rev_yoy_3m,低,top20%,2000萬,-0.1191320077841346,-1.900863554493204,256
rev_yoy_3m,低,top10%,2000萬,-0.22605520483640176,-4.76336039291162,256
rev_yoy_3m,低,top5%,2000萬,-0.31094897994576365,-7.340364824705992,256
rev_yoy_3m,低,N=25,2000萬,-0.3095039681109698,-7.246467252616339,256
rev_yoy_3m,低,N=15,2000萬,-0.3296495104762342,-8.153182243480561,256
rev_yoy_3m,低,N=8,2000萬,-0.4021062744418152,-11.18462442073682,256
rev_accel,高,top20%,2000萬,0.17238020317339178,5.262547017192021,256
rev_accel,高,top10%,2000萬,0.11733512536688823,4.034543310926297,256
rev_accel,高,top5%,2000萬,-0.02670238992099197,0.27584713405928163,256
rev_accel,高,N=25,2000萬,-0.02934994131922348,0.19403870797618517,256
rev_accel,高,N=15,2000萬,-0.049048797119729745,-0.43187142638144715,256
rev_accel,高,N=8,2000萬,-0.12451030301877013,-2.973471448358289,256
rev_accel,低,top20%,2000萬,-0.10131484684057669,-1.4237804277197008,256
rev_accel,低,top10%,2000萬,-0.11872367725192938,-1.9484427647410985,256
rev_accel,低,top5%,2000萬,-0.08012243734493958,-1.0978552391027852,256
rev_accel,低,N=25,2000萬,-0.12872891879870343,-2.3891546626434446,256
rev_accel,低,N=15,2000萬,-0.09731463638104951,-1.7393617851581555,256
rev_accel,低,N=8,2000萬,-0.15916870252621135,-3.632485977480171,256
high52_prox,高,top20%,2000萬,0.6205174125686398,14.477129563535307,256
high52_prox,高,top10%,2000萬,0.6452193766702486,15.398047676959493,256
high52_prox,高,top5%,2000萬,0.6720804321791582,17.361980518609,256
high52_prox,高,N=25,2000萬,0.636721235695119,16.5724613875486,256
high52_prox,高,N=15,2000萬,0.6915517310241566,18.923727375548328,256
high52_prox,高,N=8,2000萬,0.786788129399845,22.515270840483392,256
high52_prox,低,top20%,2000萬,-0.06363066484332144,-0.8567994382093658,256
high52_prox,低,top10%,2000萬,-0.15360959841963304,-3.926427097717422,256
high52_prox,低,top5%,2000萬,-0.2157898958407597,-6.446178910384159,256
high52_prox,低,N=25,2000萬,-0.23539984023668203,-6.871701359588355,256
high52_prox,低,N=15,2000萬,-0.26535681078397516,-8.476662202561535,256
high52_prox,低,N=8,2000萬,-0.2709339053616557,-8.946246981747786,256
rsi14,高,top20%,2000萬,0.09594613305680895,3.302228335371593,256
rsi14,高,top10%,2000萬,0.08130058188596906,2.9819390574572724,256
rsi14,高,top5%,2000萬,0.06958227821022177,2.7629790388830955,256
rsi14,高,N=25,2000萬,0.0671596960479264,2.722317456823564,256
rsi14,高,N=15,2000萬,0.12042792725020328,4.38986554933205,256
rsi14,高,N=8,2000萬,0.16351867154417077,5.898177354650103,256
rsi14,低,top20%,2000萬,0.03267971607251615,1.7900283835701636,256
rsi14,低,top10%,2000萬,-0.01022939783758198,0.7562210369290279,256
rsi14,低,top5%,2000萬,-0.09557209137101305,-1.2470667746958264,256
rsi14,低,N=25,2000萬,-0.0917094709726347,-1.1299911218477732,256
rsi14,低,N=15,2000萬,-0.12276897671869275,-1.926983587373965,256
rsi14,低,N=8,2000萬,-0.18141229975134485,-3.456603605897879,256
bbp20,高,top20%,2000萬,0.0242918381404558,1.5682694668377906,256
bbp20,高,top10%,2000萬,-0.10528647356677992,-1.4489123684063188,256
bbp20,高,top5%,2000萬,-0.1518354337595196,-2.633897627686188,256
bbp20,高,N=25,2000萬,-0.1167148102080961,-1.8109336123686703,256
bbp20,高,N=15,2000萬,-0.13797174864464568,-2.432479456540382,256
bbp20,高,N=8,2000萬,-0.1546930213615694,-3.3365478669342585,256
bbp20,低,top20%,2000萬,-0.015395497675015227,0.6249727886000089,256
bbp20,低,top10%,2000萬,-0.09898300293430093,-1.4178545388471409,256
bbp20,低,top5%,2000萬,-0.1902627238078458,-3.6888516799722937,256
bbp20,低,N=25,2000萬,-0.16848581602786,-3.167153851829796,256
bbp20,低,N=15,2000萬,-0.2838239931840507,-5.906744712051459,256
bbp20,低,N=8,2000萬,-0.3746009684825064,-8.149395210687715,256
ma_gap60,高,top20%,2000萬,0.21201071277406836,6.5812210784016,256
ma_gap60,高,top10%,2000萬,0.18689492278914338,6.331417534815831,256
ma_gap60,高,top5%,2000萬,0.260918439915581,9.181894416134927,256
ma_gap60,高,N=25,2000萬,0.1503658886152017,5.836869307633674,256
ma_gap60,高,N=15,2000萬,0.20771090522561383,8.375950627488372,256
ma_gap60,高,N=8,2000萬,0.2709361468609257,12.456722165962407,256
ma_gap60,低,top20%,2000萬,0.04360156500328566,2.1634427106384635,256
ma_gap60,低,top10%,2000萬,0.08798606357886823,3.5549918474456543,256
ma_gap60,低,top5%,2000萬,0.032707702802520576,2.0053022092966,256
ma_gap60,低,N=25,2000萬,0.017549078467580255,1.5377147813198766,256
ma_gap60,低,N=15,2000萬,-0.015452090358637212,0.4928238861622303,256
ma_gap60,低,N=8,2000萬,-0.048948039262472015,-0.7046794305855197,256
vol60,高,top20%,2000萬,0.14842083311858387,5.794502849177574,256
vol60,高,top10%,2000萬,0.08769950097029924,4.046274314031151,256
vol60,高,top5%,2000萬,0.027540567709225028,2.020660753858672,256
vol60,高,N=25,2000萬,-0.009854532751122073,0.633526163128173,256
vol60,高,N=15,2000萬,-0.1730352710608397,-5.714032087585119,256
vol60,高,N=8,2000萬,-0.2253826811978172,-8.340074960181898,256
vol60,低,top20%,2000萬,0.28699398429075024,5.536703880699001,256
vol60,低,top10%,2000萬,0.1475562157002922,3.1233823915016057,256
vol60,低,top5%,2000萬,0.03809827055828714,1.5298544340567766,256
vol60,低,N=25,2000萬,0.07292042412330339,2.0126070157433062,256
vol60,低,N=15,2000萬,-0.06496126240280536,0.09521142514463676,256
vol60,低,N=8,2000萬,-0.3220486304714089,-3.194319771630816,256
value,高,top20%,500萬,0.21747965423861262,5.910197339000733,256
value,高,top10%,500萬,0.0678487732392429,2.538435204974121,256
value,高,top5%,500萬,-0.01186314875325282,0.7238370391507543,256
value,高,N=25,500萬,-0.03551716627649121,0.15443648256134868,256
value,高,N=15,500萬,-0.13455534216882328,-2.309596118866375,256
value,高,N=8,500萬,-0.15753739899463381,-3.1541351679288177,256
value,低,top20%,500萬,0.3307259141595313,8.90363718247238,256
value,低,top10%,500萬,0.2674670733756063,7.38200232911308,256
value,低,top5%,500萬,0.2816032947948573,7.879306702710398,256
value,低,N=25,500萬,0.3519767472297482,10.04358561705747,256
value,低,N=15,500萬,0.2980908698975697,8.806614529034263,256
value,低,N=8,500萬,0.06561168976185562,2.8944141017765546,256
value_ind,高,top20%,500萬,0.27885944073588975,7.2933230684925965,256
value_ind,高,top10%,500萬,0.1963593779337472,5.4408031124036915,256
value_ind,高,top5%,500萬,0.08831004440961157,2.9882728520230106,256
value_ind,高,N=25,500萬,0.11025159385027718,3.4307353873380464,256
value_ind,高,N=15,500萬,0.12031913830233879,3.6993119655428286,256
value_ind,高,N=8,500萬,0.15132609154635934,4.494329956645804,256
value_ind,低,top20%,500萬,0.2739062352777288,7.407973043647975,256
value_ind,低,top10%,500萬,0.1918063178309949,5.5872079285999465,256
value_ind,低,top5%,500萬,0.10927155757530083,3.7853123430508617,256
value_ind,低,N=25,500萬,0.17224261470943455,5.48345406470816,256
value_ind,低,N=15,500萬,0.16431462771837563,5.478546686462504,256
value_ind,低,N=8,500萬,0.1744145105661977,6.258634800567919,256
momentum,高,top20%,500萬,0.15326699664804486,4.807801645233756,256
momentum,高,top10%,500萬,0.09937095933805651,3.626762535559913,256
momentum,高,top5%,500萬,0.08977129680908252,3.6376658366613857,256
momentum,高,N=25,500萬,0.08550038814383935,3.705555458802645,256
momentum,高,N=15,500萬,0.128970414913152,5.493765730961475,256
momentum,高,N=8,500萬,0.1906724593429928,8.627006558091388,256
momentum,低,top20%,500萬,0.09506862664983967,3.414324018920456,256
momentum,低,top10%,500萬,0.07876610475295616,3.126402982787413,256
momentum,低,top5%,500萬,0.07676463227545478,3.1895660063735454,256
momentum,低,N=25,500萬,0.03257277138297113,1.9628122884537857,256
momentum,低,N=15,500萬,0.012981841161261635,1.396171212830155,256
momentum,低,N=8,500萬,-0.11278687917459769,-2.69671121408368,256
mom60,高,top20%,500萬,0.4675884622518374,12.892417011424385,256
mom60,高,top10%,500萬,0.4003002780654836,12.18002355079475,256
mom60,高,top5%,500萬,0.33702268130632557,11.195532172099165,256
mom60,高,N=25,500萬,0.33921255422714225,12.141659272948392,256
mom60,高,N=15,500萬,0.3600490379227741,14.065340946820859,256
mom60,高,N=8,500萬,0.4165331943657861,19.318704303400214,256
mom60,低,top20%,500萬,0.0036350374373186156,1.0956848926372942,256
mom60,低,top10%,500萬,4.657432473746552e-06,1.0001324488933427,256
mom60,低,top5%,500萬,-0.035688421763315166,-0.0963022683179271,256
mom60,低,N=25,500萬,-0.03746661777593937,-0.1729395952205115,256
mom60,低,N=15,500萬,0.012701816672345196,1.4146610577230323,256
mom60,低,N=8,500萬,-0.0428590202024444,-0.5613372566021679,256
mom120,高,top20%,500萬,0.5528727463520696,15.485147189810666,256
mom120,高,top10%,500萬,0.5233037552100879,16.259282861108648,256
mom120,高,top5%,500萬,0.5029654806976935,17.3806411672764,256
mom120,高,N=25,500萬,0.41533455031985744,15.354001240949366,256
mom120,高,N=15,500萬,0.3039473072344058,12.76234703316601,256
mom120,高,N=8,500萬,0.10344362989108206,5.986478741688694,256
mom120,低,top20%,500萬,-0.04006354203533771,-0.0431826702668503,256
mom120,低,top10%,500萬,-0.10569280524053254,-1.9761456148031264,256
mom120,低,top5%,500萬,-0.21336282387461505,-5.463522741216609,256
mom120,低,N=25,500萬,-0.22762588799739064,-6.199632558377122,256
mom120,低,N=15,500萬,-0.2501739474143752,-7.243678627124062,256
mom120,低,N=8,500萬,-0.29513384231532547,-9.176282445609907,256
chip,高,top20%,500萬,0.2501001445641026,6.213017517161745,256
chip,高,top10%,500萬,0.15672456194694606,4.076436897557301,256
chip,高,top5%,500萬,0.1775282970412271,4.359972056218386,256
chip,高,N=25,500萬,0.11648410711654095,3.117013427364723,256
chip,高,N=15,500萬,0.08612592232682753,2.550326043715434,256
chip,高,N=8,500萬,-0.04732141027333359,0.04361203755156584,256
chip,低,top20%,500萬,0.1994338509097171,5.033340824643928,256
chip,低,top10%,500萬,0.2668458235582652,6.076817619070596,256
chip,低,top5%,500萬,0.3047878378820914,6.546090163483154,256
chip,低,N=25,500萬,0.35183098313376326,7.154466529431658,256
chip,低,N=15,500萬,0.39204362218740657,7.719873129614707,256
chip,低,N=8,500萬,0.3627079294275315,7.309961949816546,256
chip5,高,top20%,500萬,0.17592733150840906,4.608743083141387,256
chip5,高,top10%,500萬,0.10456960399048558,3.0341588793196594,256
chip5,高,top5%,500萬,0.004075320826154531,1.0737485239061373,256
chip5,高,N=25,500萬,-0.07436104816830202,-0.30843124589355897,256
chip5,高,N=15,500萬,-0.1534451384650324,-1.6518602959296969,256
chip5,高,N=8,500萬,-0.15695366722461015,-1.9410317555234813,256
chip5,低,top20%,500萬,0.256940692756747,6.4524285586338825,256
chip5,低,top10%,500萬,0.3087864597148677,7.187038121064893,256
chip5,低,top5%,500萬,0.3626188015670256,7.937871141203701,256
chip5,低,N=25,500萬,0.43558554895086354,9.215735456616247,256
chip5,低,N=15,500萬,0.44953753995990947,9.440170626258926,256
chip5,低,N=8,500萬,0.5031554330794354,10.292709670076983,256
chip10,高,top20%,500萬,0.21788814034841175,5.574189008605668,256
chip10,高,top10%,500萬,0.12225451720736318,3.387796531100129,256
chip10,高,top5%,500萬,0.061928685619009514,2.168829945153883,256
chip10,高,N=25,500萬,0.02439367651011771,1.4406484005864417,256
chip10,高,N=15,500萬,-0.06416532713468526,-0.15794577403105414,256
chip10,高,N=8,500萬,-0.08466037092294346,-0.5810588198885469,256
chip10,低,top20%,500萬,0.2388584439634045,5.892049272561728,256
chip10,低,top10%,500萬,0.2883580129134032,6.529533616866701,256
chip10,低,top5%,500萬,0.29023253780616576,6.22263487629684,256
chip10,低,N=25,500萬,0.35961721546415437,7.445096567044995,256
chip10,低,N=15,500萬,0.41490131964072197,7.987399009338381,256
chip10,低,N=8,500萬,0.4705057550072451,9.33776087596776,256
chip60,高,top20%,500萬,0.5010630004091648,11.291354249502717,256
chip60,高,top10%,500萬,0.45671241816169716,9.568516765315715,256
chip60,高,top5%,500萬,0.33632317235655285,7.008009841672025,256
chip60,高,N=25,500萬,0.24771900602002023,5.438003741596331,256
chip60,高,N=15,500萬,0.14013450110443815,3.433348101793432,256
chip60,高,N=8,500萬,-0.02101609303468162,0.6202894279347726,256
chip60,低,top20%,500萬,0.22216472065714155,5.50716270445637,256
chip60,低,top10%,500萬,0.2789372428052386,6.178869581107382,256
chip60,低,top5%,500萬,0.3974318710000817,8.055888214198848,256
chip60,低,N=25,500萬,0.38376271637258147,7.742011586703379,256
chip60,低,N=15,500萬,0.30939383195513964,6.429674893894433,256
chip60,低,N=8,500萬,0.24878630162333493,5.501122949749693,256
chip_accel,高,top20%,500萬,0.11562700595298009,3.3651771394600294,256
chip_accel,高,top10%,500萬,0.03533868565598117,1.681171377487778,256
chip_accel,高,top5%,500萬,-0.03223263497758857,0.41517731590596796,256
chip_accel,高,N=25,500萬,-0.021172180445398685,0.6243757351895418,256
chip_accel,高,N=15,500萬,-0.019688498368345467,0.6476548997683684,256
chip_accel,高,N=8,500萬,-0.1389274498666546,-1.5669324909394655,256
chip_accel,低,top20%,500萬,0.23871977911071532,6.138022081380701,256
chip_accel,低,top10%,500萬,0.2542834498195984,6.209727693303058,256
chip_accel,低,top5%,500萬,0.1827665327004156,4.684534065356538,256
chip_accel,低,N=25,500萬,0.09779185302389395,2.9775001293541825,256
chip_accel,低,N=15,500萬,0.12443488665009841,3.5275362749934702,256
chip_accel,低,N=8,500萬,0.03096933624229285,1.636150500702227,256
revenue_yoy,高,top20%,500萬,0.5761156151317325,15.147577755564035,256
revenue_yoy,高,top10%,500萬,0.5489029610964201,15.148027869566882,256
revenue_yoy,高,top5%,500萬,0.4866022169034006,14.078699481444335,256
revenue_yoy,高,N=25,500萬,0.41623395185479156,12.667173472995351,256
revenue_yoy,高,N=15,500萬,0.3013776610400772,9.808605907878153,256
revenue_yoy,高,N=8,500萬,0.2187309846788915,7.780989413794037,256
revenue_yoy,低,top20%,500萬,-0.1407739052792136,-2.305550966716785,256
revenue_yoy,低,top10%,500萬,-0.20557882496951507,-3.9635446607607316,256
revenue_yoy,低,top5%,500萬,-0.25992028513974663,-5.470988494945028,256
revenue_yoy,低,N=25,500萬,-0.2478370414770358,-5.360420103313624,256
revenue_yoy,低,N=15,500萬,-0.22898756788173052,-5.1832194631258215,256
revenue_yoy,低,N=8,500萬,-0.1990362868673118,-4.6671927467271,256
rev_yoy_3m,高,top20%,500萬,0.6146924339500177,16.14008135943601,256
rev_yoy_3m,高,top10%,500萬,0.5983287275159159,16.452767670881173,256
rev_yoy_3m,高,top5%,500萬,0.5172147717036182,14.890546261941662,256
rev_yoy_3m,高,N=25,500萬,0.3824424589947298,11.481512011546124,256
rev_yoy_3m,高,N=15,500萬,0.31529278753742535,10.071034813610492,256
rev_yoy_3m,高,N=8,500萬,0.3306286564459076,10.515711392882721,256
rev_yoy_3m,低,top20%,500萬,-0.07846330567155313,-0.8526116561180297,256
rev_yoy_3m,低,top10%,500萬,-0.17796588495633003,-3.343185073698196,256
rev_yoy_3m,低,top5%,500萬,-0.2486801602443721,-5.361088394186265,256
rev_yoy_3m,低,N=25,500萬,-0.329026064024902,-7.400198052246731,256
rev_yoy_3m,低,N=15,500萬,-0.3486892729814381,-8.2740129099093,256
rev_yoy_3m,低,N=8,500萬,-0.32641688292786153,-8.71876448760618,256
rev_accel,高,top20%,500萬,0.26724258262486966,7.294056761943213,256
rev_accel,高,top10%,500萬,0.24880042112419043,7.017496971206905,256
rev_accel,高,top5%,500萬,0.1401445136532982,4.582995904160847,256
rev_accel,高,N=25,500萬,0.133618120941614,4.50424626944026,256
rev_accel,高,N=15,500萬,0.025923459757430004,1.719522702137688,256
rev_accel,高,N=8,500萬,0.11661712809673357,4.404905579613527,256
rev_accel,低,top20%,500萬,-0.007850404837096255,0.8188303902606275,256
rev_accel,低,top10%,500萬,-0.03676914622414626,0.12888027658504164,256
rev_accel,低,top5%,500萬,0.0038747745877852346,1.0968864551787805,256
rev_accel,低,N=25,500萬,-0.046202050645510556,-0.20259024490044686,256
rev_accel,低,N=15,500萬,-0.008799275814910256,0.7589284467963475,256
rev_accel,低,N=8,500萬,0.08611423067120709,3.503470514776441,256
high52_prox,高,top20%,500萬,0.7472782872655394,16.313534590793765,256
high52_prox,高,top10%,500萬,0.7285282967097443,16.471648428565967,256
high52_prox,高,top5%,500萬,0.738290422455798,17.818871394952374,256
high52_prox,高,N=25,500萬,0.7329680237101492,18.957935366576685,256
high52_prox,高,N=15,500萬,0.6115724574697909,16.4496151454278,256
high52_prox,高,N=8,500萬,0.8521831799095422,24.86820937358949,256
high52_prox,低,top20%,500萬,-0.01109767024163771,0.6848267754912207,256
high52_prox,低,top10%,500萬,-0.09869502655192575,-2.0361500676291833,256
high52_prox,低,top5%,500萬,-0.16015704556127977,-4.322919475347897,256
high52_prox,低,N=25,500萬,-0.18598422153410268,-5.224004904546176,256
high52_prox,低,N=15,500萬,-0.21093320598519658,-6.25174547132551,256
high52_prox,低,N=8,500萬,-0.1668914732766118,-5.107239574070599,256
rsi14,高,top20%,500萬,0.18976871048889993,5.323708291493379,256
rsi14,高,top10%,500萬,0.17365498260912757,5.04734523784427,256
rsi14,高,top5%,500萬,0.14108872957963153,4.340722516962403,256
rsi14,高,N=25,500萬,0.17024262329928402,5.366718843839924,256
rsi14,高,N=15,500萬,0.2195462879093877,6.981176781023279,256
rsi14,高,N=8,500萬,0.12155182656574322,4.567653566121788,256
rsi14,低,top20%,500萬,0.05307604545878582,2.2257848153499626,256
rsi14,低,top10%,500萬,-0.01942079079880223,0.5640990117220746,256
rsi14,低,top5%,500萬,-0.052732721668923684,-0.17525463129328678,256
rsi14,低,N=25,500萬,-0.11870631969674096,-1.6096832925521332,256
rsi14,低,N=15,500萬,-0.0858176035481955,-0.9361367588657687,256
rsi14,低,N=8,500萬,-0.2449670532078882,-4.688592025984384,256
bbp20,高,top20%,500萬,0.13000675720974988,3.9042648024185,256
bbp20,高,top10%,500萬,0.0064193423738805044,1.1461443389033432,256
bbp20,高,top5%,500萬,-0.06908207737116445,-0.6025042436412553,256
bbp20,高,N=25,500萬,-0.0727184073661285,-0.7801151573893939,256
bbp20,高,N=15,500萬,-0.015610575289997417,0.604144054778466,256
bbp20,高,N=8,500萬,-0.08452830030520068,-1.3637788734935374,256
bbp20,低,top20%,500萬,0.012284647561601348,1.28899148070869,256
bbp20,低,top10%,500萬,-0.07560581587470303,-0.7776523866304452,256
bbp20,低,top5%,500萬,-0.20241829645760387,-3.7055642551422463,256
bbp20,低,N=25,500萬,-0.2572490693645826,-4.895563308896089,256
bbp20,低,N=15,500萬,-0.24828501064947378,-4.712402900805612,256
bbp20,低,N=8,500萬,-0.4120648499942263,-8.46324842074544,256
ma_gap60,高,top20%,500萬,0.3469276114332637,9.721155978633323,256
ma_gap60,高,top10%,500萬,0.3314320799664572,10.008772929783039,256
ma_gap60,高,top5%,500萬,0.30224203027143015,10.026747409563953,256
ma_gap60,高,N=25,500萬,0.27107762967920473,9.736291227762184,256
ma_gap60,高,N=15,500萬,0.33905528669520435,13.204251058719784,256
ma_gap60,高,N=8,500萬,0.29722453655753955,13.719144288313668,256
ma_gap60,低,top20%,500萬,0.07862319048392812,3.05834664271718,256
ma_gap60,低,top10%,500萬,0.0690713083911499,2.929619930008953,256
ma_gap60,低,top5%,500萬,0.05833195064055364,2.742032591947474,256
ma_gap60,低,N=25,500萬,0.01920546444717666,1.5928981097425465,256
ma_gap60,低,N=15,500萬,-0.018049972837541475,0.4156650513543081,256
ma_gap60,低,N=8,500萬,-0.022371658272206014,0.25674555571175706,256
vol60,高,top20%,500萬,0.21903423418203666,7.778333356286504,256
vol60,高,top10%,500萬,0.15212840902513788,6.008502713317343,256
vol60,高,top5%,500萬,0.07202390266984686,3.5292339245028614,256
vol60,高,N=25,500萬,-0.024002323687110225,0.1418021132612024,256
vol60,高,N=15,500萬,-0.15955430171350493,-4.950644496990941,256
vol60,高,N=8,500萬,-0.29102081321018003,-10.379838452768587,256
vol60,低,top20%,500萬,0.33054305932825556,6.158871868398874,256
vol60,低,top10%,500萬,0.21718623063854794,4.112539284377337,256
vol60,低,top5%,500萬,0.08751813032155432,2.1672931624034053,256
vol60,低,N=25,500萬,0.03106619564667426,1.4017570936846857,256
vol60,低,N=15,500萬,-0.07987228398421209,-0.01766331626271711,256
vol60,低,N=8,500萬,-0.10459481032986816,-0.32623458759721835,256
value,高,top20%,100萬,0.30380712097585677,7.631282061360167,256
value,高,top10%,100萬,0.15880478004667098,4.496235098922474,256
value,高,top5%,100萬,0.08419496521720712,2.9073008400061218,256
value,高,N=25,100萬,-0.050883052997920224,-0.16585710295049516,256
value,高,N=15,100萬,-0.09945429899593346,-1.3977443871692086,256
value,高,N=8,100萬,-0.1873801292521302,-3.786697345952128,256
value,低,top20%,100萬,0.4230587281354462,10.52054492776402,256
value,低,top10%,100萬,0.3894385749238256,9.844558316531282,256
value,低,top5%,100萬,0.4118595767375257,10.449131615987461,256
value,低,N=25,100萬,0.46305566755648986,12.502917821858727,256
value,低,N=15,100萬,0.38750613159728886,10.738207120074893,256
value,低,N=8,100萬,0.206850311845626,6.652160073139046,256
value_ind,高,top20%,100萬,0.36276997502039626,8.927327126357731,256
value_ind,高,top10%,100萬,0.25811411243536636,6.595369016179919,256
value_ind,高,top5%,100萬,0.20287736950918153,5.405230957321461,256
value_ind,高,N=25,100萬,0.19873074514151917,5.135016326569897,256
value_ind,高,N=15,100萬,0.22333451162874132,5.837651630758356,256
value_ind,高,N=8,100萬,0.1929618162869193,5.184005269814795,256
value_ind,低,top20%,100萬,0.3700392939207562,9.222871066269022,256
value_ind,低,top10%,100萬,0.29519022601123607,7.604680792529339,256
value_ind,低,top5%,100萬,0.2627863689978474,7.218506474019493,256
value_ind,低,N=25,100萬,0.3395833427213423,9.401828396723966,256
value_ind,低,N=15,100萬,0.30652373898401625,9.294609526817975,256
value_ind,低,N=8,100萬,0.34115065653433535,10.855616851359384,256
momentum,高,top20%,100萬,0.19117799065504928,5.530183572577019,256
momentum,高,top10%,100萬,0.13716125733854928,4.50776956057084,256
momentum,高,top5%,100萬,0.05738864232678326,2.6022728308436216,256
momentum,高,N=25,100萬,0.07415817748166251,3.313382311431856,256
momentum,高,N=15,100萬,0.14913663539602282,6.11276217714205,256
momentum,高,N=8,100萬,0.1393638724929836,6.530080285455742,256
momentum,低,top20%,100萬,0.13750978399289357,4.387694300585121,256
momentum,低,top10%,100萬,0.13304873359166083,4.484614526738562,256
momentum,低,top5%,100萬,0.14068715607726615,4.925441683292142,256
momentum,低,N=25,100萬,0.14438013661368584,5.233167902112168,256
momentum,低,N=15,100萬,0.08433672654771655,3.5859445920679134,256
momentum,低,N=8,100萬,-0.036393117719359894,-0.19016084183050008,256
mom60,高,top20%,100萬,0.5087156858377807,13.253155854841214,256
mom60,高,top10%,100萬,0.4733310369396218,13.619512491093055,256
mom60,高,top5%,100萬,0.3689787477674768,11.668481655326612,256
mom60,高,N=25,100萬,0.3478927612833057,12.164739955953351,256
mom60,高,N=15,100萬,0.3532771795148868,13.456062836029314,256
mom60,高,N=8,100萬,0.36865588313777903,17.09408409140547,256
mom60,低,top20%,100萬,0.06847197818635323,2.737476352322288,256
mom60,低,top10%,100萬,0.06639381800104174,2.826665231256875,256
mom60,低,top5%,100萬,0.044871714637595914,2.3232889336214146,256
mom60,低,N=25,100萬,0.06339201283307473,2.9583654189899278,256
mom60,低,N=15,100萬,0.08338151709942765,3.663312777764216,256
mom60,低,N=8,100萬,-0.002216723205971243,0.921154718478534,256
mom120,高,top20%,100萬,0.6228405448840206,16.430087792119295,256
mom120,高,top10%,100萬,0.5872347894426699,17.371808346604677,256
mom120,高,top5%,100萬,0.5102020797421233,16.974961933731446,256
mom120,高,N=25,100萬,0.4648743794541662,16.9751821769373,256
mom120,高,N=15,100萬,0.329315526086022,13.5929102578501,256
mom120,高,N=8,100萬,0.018274317599712046,1.8183436452777757,256
mom120,低,top20%,100萬,0.02332466597900191,1.5862503519622706,256
mom120,低,top10%,100萬,-0.02262248836963097,0.3831109511682307,256
mom120,低,top5%,100萬,-0.10416631683545695,-2.0627319322509274,256
mom120,低,N=25,100萬,-0.11928864494855401,-2.738977150389932,256
mom120,低,N=15,100萬,-0.17999710293433457,-4.855218937201533,256
mom120,低,N=8,100萬,-0.1572887044369748,-4.4171814747622,256
chip,高,top20%,100萬,0.2605983227174282,6.327096310529479,256
chip,高,top10%,100萬,0.15001362231331655,3.9006076538308454,256
chip,高,top5%,100萬,0.13385811618788934,3.472060922445319,256
chip,高,N=25,100萬,0.06221885883386748,2.083033776609655,256
chip,高,N=15,100萬,-0.027567449598756497,0.5195864432374186,256
chip,高,N=8,100萬,-0.13101008860401525,-1.6118475750054762,256
chip,低,top20%,100萬,0.24507126610698476,5.862231288302122,256
chip,低,top10%,100萬,0.30455449204040574,6.708385745583989,256
chip,低,top5%,100萬,0.33331537208977025,6.958846822383435,256
chip,低,N=25,100萬,0.4654811249375003,8.848217469236497,256
chip,低,N=15,100萬,0.5051987425987424,9.443180279079243,256
chip,低,N=8,100萬,0.45436359619504835,8.711813659273936,256
chip5,高,top20%,100萬,0.1956457932837234,4.950945883163249,256
chip5,高,top10%,100萬,0.11276205932061172,3.168349351039823,256
chip5,高,top5%,100萬,-0.01341369264317935,0.7600185471755339,256
chip5,高,N=25,100萬,-0.11002382926119343,-0.9017838376640497,256
chip5,高,N=15,100萬,-0.16823868185277077,-1.802031161479456,256
chip5,高,N=8,100萬,-0.11388969433461286,-1.0831170545371638,256
chip5,低,top20%,100萬,0.2817245161557231,6.819772095271559,256
chip5,低,top10%,100萬,0.3322505555213066,7.5232798504642595,256
chip5,低,top5%,100萬,0.36216481692949276,7.676785391607677,256
chip5,低,N=25,100萬,0.4526164876286774,9.207687067339743,256
chip5,低,N=15,100萬,0.5064880796982812,10.099683700738238,256
chip5,低,N=8,100萬,0.6089564237699516,12.567379664239953,256
chip10,高,top20%,100萬,0.23422254163579134,5.8007638848084575,256
chip10,高,top10%,100萬,0.13940403703740467,3.68515164570129,256
chip10,高,top5%,100萬,0.053579930269613954,1.9850263917738697,256
chip10,高,N=25,100萬,-0.08223175508561462,-0.4323824548847166,256
chip10,高,N=15,100萬,-0.12723789208178424,-1.2257372539653533,256
chip10,高,N=8,100萬,-0.20453881852836,-2.7108639802393197,256
chip10,低,top20%,100萬,0.2542186363571739,6.124891342909322,256
chip10,低,top10%,100萬,0.3028099395854175,6.691400637017875,256
chip10,低,top5%,100萬,0.3315986472971526,6.852929842543687,256
chip10,低,N=25,100萬,0.42094849775937565,8.143201099437004,256
chip10,低,N=15,100萬,0.4525075354302467,8.401240373475915,256
chip10,低,N=8,100萬,0.552739537848686,10.373738196644311,256
chip60,高,top20%,100萬,0.4990803374408273,11.109934178849844,256
chip60,高,top10%,100萬,0.46423830341957467,9.662984609971858,256
chip60,高,top5%,100萬,0.3403912612307084,6.990717230161914,256
chip60,高,N=25,100萬,0.21571158605990987,4.804226046624271,256
chip60,高,N=15,100萬,0.1247172847978301,3.1535242283777354,256
chip60,高,N=8,100萬,0.014259542041914267,1.2711847506168494,256
chip60,低,top20%,100萬,0.2592702246575301,6.122459691682214,256
chip60,低,top10%,100萬,0.3157504679986009,6.750054467504252,256
chip60,低,top5%,100萬,0.43688024015763366,8.567000652222468,256
chip60,低,N=25,100萬,0.47486840232064786,9.082992531230882,256
chip60,低,N=15,100萬,0.4223058834516058,8.128237033489881,256
chip60,低,N=8,100萬,0.2979038238745037,6.21745223555541,256
chip_accel,高,top20%,100萬,0.129679820235054,3.5897869823020123,256
chip_accel,高,top10%,100萬,0.058098008406117,2.100257945503259,256
chip_accel,高,top5%,100萬,0.0036110458011092547,1.0639950832110445,256
chip_accel,高,N=25,100萬,-0.024265831305559864,0.5845333892366966,256
chip_accel,高,N=15,100萬,-0.020265112600566786,0.6444059236968558,256
chip_accel,高,N=8,100萬,-0.1963596053737683,-2.452380489231598,256
chip_accel,低,top20%,100萬,0.23623189021805474,5.972030279669394,256
chip_accel,低,top10%,100萬,0.25611369141007684,6.136799022132444,256
chip_accel,低,top5%,100萬,0.2176506850068586,5.229057187369568,256
chip_accel,低,N=25,100萬,0.07819430244192196,2.5240400542903663,256
chip_accel,低,N=15,100萬,0.08882743497575037,2.7288291348741778,256
chip_accel,低,N=8,100萬,-0.12284436737968528,-1.428958280648207,256
revenue_yoy,高,top20%,100萬,0.666271432021563,16.68637372210382,256
revenue_yoy,高,top10%,100萬,0.6538414791154796,17.028064841612256,256
revenue_yoy,高,top5%,100萬,0.6025682695306865,16.792091755519923,256
revenue_yoy,高,N=25,100萬,0.3869970942787358,11.417584016931936,256
revenue_yoy,高,N=15,100萬,0.34408963899663314,10.954372225893572,256
revenue_yoy,高,N=8,100萬,0.1994509894723375,7.3794358113853376,256
revenue_yoy,低,top20%,100萬,-0.08123588924344562,-0.8288791492524372,256
revenue_yoy,低,top10%,100萬,-0.15264954781431353,-2.522049971040463,256
revenue_yoy,低,top5%,100萬,-0.151503853544614,-2.584216251099014,256
revenue_yoy,低,N=25,100萬,-0.09662205233549755,-1.3749377435096521,256
revenue_yoy,低,N=15,100萬,-0.013778338204585738,0.632907248191783,256
revenue_yoy,低,N=8,100萬,0.026008063014717062,1.7277295413817173,256
rev_yoy_3m,高,top20%,100萬,0.7102845659785741,17.705678257890668,256
rev_yoy_3m,高,top10%,100萬,0.6821107683686474,17.791529265749627,256
rev_yoy_3m,高,top5%,100萬,0.6028820454531602,16.451850169388926,256
rev_yoy_3m,高,N=25,100萬,0.4746338407998823,13.723485933643186,256
rev_yoy_3m,高,N=15,100萬,0.2980013104275153,9.247541865142207,256
rev_yoy_3m,高,N=8,100萬,0.31642773745682373,10.51607379460986,256
rev_yoy_3m,低,top20%,100萬,-0.014190458596650173,0.6796600785762053,256
rev_yoy_3m,低,top10%,100萬,-0.11881343295283228,-1.777959519739547,256
rev_yoy_3m,低,top5%,100萬,-0.18737355102200987,-3.526207628867506,256
rev_yoy_3m,低,N=25,100萬,-0.21567868796456366,-4.356840770699,256
rev_yoy_3m,低,N=15,100萬,-0.09245137590119493,-1.4487718230833502,256
rev_yoy_3m,低,N=8,100萬,-0.021753635831598252,0.3453279336111281,256
rev_accel,高,top20%,100萬,0.33496417353566277,8.52807940690148,256
rev_accel,高,top10%,100萬,0.33046010770086065,8.628290918861637,256
rev_accel,高,top5%,100萬,0.26204411737313715,7.355835544081635,256
rev_accel,高,N=25,100萬,0.17358622068833116,5.55352045570372,256
rev_accel,高,N=15,100萬,0.1199075031563553,4.34135346616249,256
rev_accel,高,N=8,100萬,0.18856628089656727,6.854097252428559,256
rev_accel,低,top20%,100萬,0.0668949938560142,2.4698218646886927,256
rev_accel,低,top10%,100萬,0.04744524964662403,2.07430901828618,256
rev_accel,低,top5%,100萬,0.052361759542374875,2.2413183640816348,256
rev_accel,低,N=25,100萬,0.008278985903617902,1.2062693844421268,256
rev_accel,低,N=15,100萬,0.03503039534255809,1.9266234826513573,256
rev_accel,低,N=8,100萬,0.19953966473799425,6.631288643630806,256
high52_prox,高,top20%,100萬,0.834417752592876,17.090803957958567,256
high52_prox,高,top10%,100萬,0.8569773925513978,17.944870973550444,256
high52_prox,高,top5%,100萬,0.8021873532604645,18.06800351406357,256
high52_prox,高,N=25,100萬,0.8081168455321819,20.063201080729478,256
high52_prox,高,N=15,100萬,0.6886118043582792,18.030749387643375,256
high52_prox,高,N=8,100萬,0.830242688019302,24.789467383927423,256
high52_prox,低,top20%,100萬,0.07429119501115876,3.0377741692132254,256
high52_prox,低,top10%,100萬,0.0013380585246803227,1.039691545809851,256
high52_prox,低,top5%,100萬,-0.05172141752500931,-0.6626512525368167,256
high52_prox,低,N=25,100萬,-0.0708128557494687,-1.3321232082206702,256
high52_prox,低,N=15,100萬,-0.04687453067682019,-0.6091506806307989,256
high52_prox,低,N=8,100萬,-0.07654262791972093,-1.825793382747909,256
rsi14,高,top20%,100萬,0.23944407122777742,6.172348856888088,256
rsi14,高,top10%,100萬,0.2304592910016214,6.062337884774882,256
rsi14,高,top5%,100萬,0.13839637429685078,4.101330989946272,256
rsi14,高,N=25,100萬,0.1550194691707039,4.697799288297144,256
rsi14,高,N=15,100萬,0.15562826200389465,5.008315573545463,256
rsi14,高,N=8,100萬,0.11333499805950965,4.326820406905196,256
rsi14,低,top20%,100萬,0.11587680263134598,3.5602371181105763,256
rsi14,低,top10%,100萬,0.028519505069005607,1.6190724038762427,256
rsi14,低,top5%,100萬,-0.004252404479481453,0.9070229369946725,256
rsi14,低,N=25,100萬,-0.080011274761466,-0.7746068048274934,256
rsi14,低,N=15,100萬,-0.07581307086395428,-0.6441195606385786,256
rsi14,低,N=8,100萬,-0.2488015258505474,-4.785525251237132,256
bbp20,高,top20%,100萬,0.18947385598322447,5.045636462503822,256
bbp20,高,top10%,100萬,0.06222933397050273,2.3412477647624996,256
bbp20,高,top5%,100萬,-0.045371573666048944,0.006050793524670084,256
bbp20,高,N=25,100萬,-0.048472958930935846,-0.14436847548606746,256
bbp20,高,N=15,100萬,-0.047154560523907145,-0.16712262915479226,256
bbp20,高,N=8,100萬,-0.15376141712693378,-3.2054925841915938,256
bbp20,低,top20%,100萬,0.05709987502843509,2.271695951912278,256
bbp20,低,top10%,100萬,-0.037240872373223204,0.16099421595829888,256
bbp20,低,top5%,100萬,-0.1596807551975748,-2.5906316008757035,256
bbp20,低,N=25,100萬,-0.2135571910154896,-3.8085713955334666,256
bbp20,低,N=15,100萬,-0.31361795870352766,-6.030466890703834,256
bbp20,低,N=8,100萬,-0.3573561030898816,-7.579583076086182,256
ma_gap60,高,top20%,100萬,0.4070586660079064,10.757150830131025,256
ma_gap60,高,top10%,100萬,0.3459552303288851,10.091833620532743,256
ma_gap60,高,top5%,100萬,0.29744861271724504,9.584136831604017,256
ma_gap60,高,N=25,100萬,0.254427464127524,9.167924060874055,256
ma_gap60,高,N=15,100萬,0.2922297285316694,11.430001215899521,256
ma_gap60,高,N=8,100萬,0.22706579451124573,10.731692794189884,256
ma_gap60,低,top20%,100萬,0.14394218200487577,4.665189963774585,256
ma_gap60,低,top10%,100萬,0.15100986665485647,5.109445966508508,256
ma_gap60,低,top5%,100萬,0.1349327169434548,4.904809288873246,256
ma_gap60,低,N=25,100萬,0.11301039189029767,4.478302566275016,256
ma_gap60,低,N=15,100萬,0.11923711210632627,4.883179143584782,256
ma_gap60,低,N=8,100萬,0.10071273179652045,4.498067447310983,256
vol60,高,top20%,100萬,0.2718492441610932,9.152282663940214,256
vol60,高,top10%,100萬,0.19202778892742756,7.086516584349645,256
vol60,高,top5%,100萬,0.09855446250852103,4.325179616632124,256
vol60,高,N=25,100萬,-0.054446700350918587,-0.9047300997729657,256
vol60,高,N=15,100萬,-0.14128346066502487,-4.135874642829018,256
vol60,高,N=8,100萬,-0.3488216331272652,-11.814255812009689,256
vol60,低,top20%,100萬,0.4627452840167975,7.903576358705822,256
vol60,低,top10%,100萬,0.3008476539058,5.104592838721866,256
vol60,低,top5%,100萬,0.20183518042235718,3.564311830070599,256
vol60,低,N=25,100萬,0.10772100040342422,2.2756275667943138,256
vol60,低,N=15,100萬,0.11487065612445643,2.351032879589976,256
vol60,低,N=8,100萬,-0.06976089335857143,0.1525148181853675,256
value,高,top20%,無門檻,0.3830151524814322,9.048636782930618,256
value,高,top10%,無門檻,0.26367135361126265,6.5654291951070975,256
value,高,top5%,無門檻,0.18119651653461108,4.91144137720112,256
value,高,N=25,無門檻,0.021726494394176225,1.4719479566667415,256
value,高,N=15,無門檻,-0.04119205414234502,0.08651418348986084,256
value,高,N=8,無門檻,-0.20397794643066122,-3.701833486315176,256
value,低,top20%,無門檻,0.4446459207872671,10.518813366303426,256
value,低,top10%,無門檻,0.41148739149442376,9.900538359943267,256
value,低,top5%,無門檻,0.4451289562805407,10.700834068444664,256
value,低,N=25,無門檻,0.4593366946339184,11.757013489857936,256
value,低,N=15,無門檻,0.39034279072019407,10.430849512014673,256
value,低,N=8,無門檻,0.2784764066648498,8.33297599875429,256
value_ind,高,top20%,無門檻,0.4448109075639557,10.343074120210138,256
value_ind,高,top10%,無門檻,0.3594873389073038,8.492861255146122,256
value_ind,高,top5%,無門檻,0.2730179948133751,6.602999430343504,256
value_ind,高,N=25,無門檻,0.25933955201690456,6.240136046306488,256
value_ind,高,N=15,無門檻,0.2770728333205348,6.914704598874377,256
value_ind,高,N=8,無門檻,0.2180363425951829,5.619995853363546,256
value_ind,低,top20%,無門檻,0.40057082088035567,9.48953878524279,256
value_ind,低,top10%,無門檻,0.32748766127841,8.016335676732012,256
value_ind,低,top5%,無門檻,0.31918556836329826,8.236211076142808,256
value_ind,低,N=25,無門檻,0.3898514742434719,10.436792924346584,256
value_ind,低,N=15,無門檻,0.3374477979519285,9.792787492349554,256
value_ind,低,N=8,無門檻,0.3468105493411969,11.090128958527856,256
momentum,高,top20%,無門檻,0.216342582091385,5.960381643063406,256
momentum,高,top10%,無門檻,0.17719575816112343,5.417898949518962,256
momentum,高,top5%,無門檻,0.09562213082921288,3.605571636838212,256
momentum,高,N=25,無門檻,0.11032172830655262,4.4481093099523195,256
momentum,高,N=15,無門檻,0.16083286651791112,6.520224423191312,256
momentum,高,N=8,無門檻,0.13393009607952408,6.368659253754716,256
momentum,低,top20%,無門檻,0.19247599688584652,5.593959432403661,256
momentum,低,top10%,無門檻,0.1850609826101148,5.708551429926323,256
momentum,低,top5%,無門檻,0.21666059968458376,6.945965931022591,256
momentum,低,N=25,無門檻,0.25507347982389544,8.685922979028081,256
momentum,低,N=15,無門檻,0.24428650840417104,9.249351569449239,256
momentum,低,N=8,無門檻,0.14879031775103166,7.413896953460641,256
mom60,高,top20%,無門檻,0.5503889681374083,13.847606026099491,256
mom60,高,top10%,無門檻,0.520485243139759,14.482654417061113,256
mom60,高,top5%,無門檻,0.4108809389035834,12.63170630784074,256
mom60,高,N=25,無門檻,0.34901952384921875,12.145652985708,256
mom60,高,N=15,無門檻,0.34494809749616206,13.11188044479037,256
mom60,高,N=8,無門檻,0.3367695049281262,15.746721784151529,256
mom60,低,top20%,無門檻,0.12767632264332643,4.147433805866774,256
mom60,低,top10%,無門檻,0.12083358332842643,4.224148607185185,256
mom60,低,top5%,無門檻,0.12548575548388238,4.682144558726353,256
mom60,低,N=25,無門檻,0.17743541617902578,6.76519602560004,256
mom60,低,N=15,無門檻,0.22975998867493677,9.122298559585595,256
mom60,低,N=8,無門檻,0.1704976935161633,8.64984899908594,256
mom120,高,top20%,無門檻,0.6534739098931002,16.642302260882236,256
mom120,高,top10%,無門檻,0.6124769483872471,17.533036333188832,256
mom120,高,top5%,無門檻,0.5440522997093779,17.41776308368388,256
mom120,高,N=25,無門檻,0.5102574216228614,18.082804329501467,256
mom120,高,N=15,無門檻,0.38326617856303963,15.498782571874138,256
mom120,高,N=8,無門檻,0.078983345807097,4.448599983226531,256
mom120,低,top20%,無門檻,0.09263408636569544,3.2486136361470352,256
mom120,低,top10%,無門檻,0.07908063036042604,3.0940278158455126,256
mom120,低,top5%,無門檻,0.020640253309058634,1.589151670341682,256
mom120,低,N=25,無門檻,0.0022794677382487485,1.0709552746019924,256
mom120,低,N=15,無門檻,0.014036304247482418,1.4779914555153706,256
mom120,低,N=8,無門檻,0.0551939312222624,3.1617077513215186,256
chip,高,top20%,無門檻,0.2669963555879558,6.423387619626597,256
chip,高,top10%,無門檻,0.16832698176763192,4.235787192833507,256
chip,高,top5%,無門檻,0.1422187014447492,3.5748504114786694,256
chip,高,N=25,無門檻,0.03902678831341727,1.6733056302922211,256
chip,高,N=15,無門檻,-0.03656976888897116,0.36467731964437977,256
chip,高,N=8,無門檻,-0.10074773009500947,-1.0037834668795709,256
chip,低,top20%,無門檻,0.2517689897978368,5.928839340463532,256
chip,低,top10%,無門檻,0.3192646096940651,6.866369183241416,256
chip,低,top5%,無門檻,0.3617760276610821,7.377374829164718,256
chip,低,N=25,無門檻,0.4984422768012844,9.16416883365152,256
chip,低,N=15,無門檻,0.520090593036595,9.58744539100065,256
chip,低,N=8,無門檻,0.4954335398711092,9.358534051064659,256
chip5,高,top20%,無門檻,0.2056272752293847,5.112118303712165,256
chip5,高,top10%,無門檻,0.11824586739156329,3.25685745126012,256
chip5,高,top5%,無門檻,0.013300754055824671,1.2371362169863342,256
chip5,高,N=25,無門檻,-0.10886285507661193,-0.8750926782156832,256
chip5,高,N=15,無門檻,-0.10665681302730971,-0.793338734276372,256
chip5,高,N=8,無門檻,-0.10858824513820649,-0.9338245175976922,256
chip5,低,top20%,無門檻,0.2748077676763292,6.609550968577604,256
chip5,低,top10%,無門檻,0.3203258478665471,7.195000401461682,256
chip5,低,top5%,無門檻,0.3750668291160348,7.790603129883045,256
chip5,低,N=25,無門檻,0.46315074757846536,9.163378053556004,256
chip5,低,N=15,無門檻,0.5603141898457568,10.93157757250054,256
chip5,低,N=8,無門檻,0.6589586602775699,13.271251158902665,256
chip10,高,top20%,無門檻,0.24362728455046068,5.950393905157214,256
chip10,高,top10%,無門檻,0.13268118169012097,3.528313083317536,256
chip10,高,top5%,無門檻,0.0754970392356922,2.372364426698459,256
chip10,高,N=25,無門檻,-0.07876629786009283,-0.3476495883386166,256
chip10,高,N=15,無門檻,-0.1102591753588852,-0.8892184499907474,256
chip10,高,N=8,無門檻,-0.1444203949968161,-1.5985077894768662,256
chip10,低,top20%,無門檻,0.25267372779438096,6.035213777501847,256
chip10,低,top10%,無門檻,0.3081515248958294,6.719119550450525,256
chip10,低,top5%,無門檻,0.3363154294105609,6.798806486506659,256
chip10,低,N=25,無門檻,0.4415345139810816,8.39573434395433,256
chip10,低,N=15,無門檻,0.5045642507525508,9.079409170649022,256
chip10,低,N=8,無門檻,0.6791296864660965,12.689133342281878,256
chip60,高,top20%,無門檻,0.5030040178202448,11.075133365040447,256
chip60,高,top10%,無門檻,0.48586552023778506,9.983014255102752,256
chip60,高,top5%,無門檻,0.3414818827343894,6.898013591083685,256
chip60,高,N=25,無門檻,0.26210289490094474,5.418582739448596,256
chip60,高,N=15,無門檻,0.1486981213775558,3.4849137029631105,256
chip60,高,N=8,無門檻,0.0851609120509661,2.5744933945007764,256
chip60,低,top20%,無門檻,0.26998712174320705,6.257874162936239,256
chip60,低,top10%,無門檻,0.3434860623258524,7.218051139986481,256
chip60,低,top5%,無門檻,0.46617018310814434,9.017521103847347,256
chip60,低,N=25,無門檻,0.5259801824742004,9.881070578859251,256
chip60,低,N=15,無門檻,0.43046909147665713,8.346185818129804,256
chip60,低,N=8,無門檻,0.3890540932949728,7.7606273621025235,256
chip_accel,高,top20%,無門檻,0.1379278112802607,3.7057270614649473,256
chip_accel,高,top10%,無門檻,0.042799206587324994,1.797691776839394,256
chip_accel,高,top5%,無門檻,0.016008011967334604,1.2816542803796072,256
chip_accel,高,N=25,無門檻,-0.03524503071514816,0.39961116743623126,256
chip_accel,高,N=15,無門檻,-0.022844619455551943,0.600591318524546,256
chip_accel,高,N=8,無門檻,-0.16747407410898207,-1.9574121693049507,256
chip_accel,低,top20%,無門檻,0.24165413885934753,6.006824154941359,256
chip_accel,低,top10%,無門檻,0.25693185528596757,6.0905567262867555,256
chip_accel,低,top5%,無門檻,0.21784538424850594,5.13936727630524,256
chip_accel,低,N=25,無門檻,0.09790651582364875,2.8558708105423047,256
chip_accel,低,N=15,無門檻,0.09580902371847731,2.8197701277892895,256
chip_accel,低,N=8,無門檻,-0.09257972629012322,-0.7975411348683181,256
revenue_yoy,高,top20%,無門檻,0.7311300288527869,17.505732222831803,256
revenue_yoy,高,top10%,無門檻,0.7205130595106067,17.868246124350673,256
revenue_yoy,高,top5%,無門檻,0.670359275999457,17.86269374046121,256
revenue_yoy,高,N=25,無門檻,0.5115855952541607,14.525983650529085,256
revenue_yoy,高,N=15,無門檻,0.4818184987330393,15.057020107712793,256
revenue_yoy,高,N=8,無門檻,0.25921094531175004,9.7098940940602,256
revenue_yoy,低,top20%,無門檻,-0.026056316432256834,0.43625650439638175,256
revenue_yoy,低,top10%,無門檻,-0.09586543384080722,-1.1069955293485645,256
revenue_yoy,低,top5%,無門檻,-0.07747696038139124,-0.7464140360397775,256
revenue_yoy,低,N=25,無門檻,0.030474552093024843,1.7344150017896798,256
revenue_yoy,低,N=15,無門檻,0.05965017206000216,2.5182778175775633,256
revenue_yoy,低,N=8,無門檻,0.15862150336796058,5.60181853619528,256
rev_yoy_3m,高,top20%,無門檻,0.771911148338792,18.507928821607788,256
rev_yoy_3m,高,top10%,無門檻,0.737279087577037,18.49768055095753,256
rev_yoy_3m,高,top5%,無門檻,0.6818370322386372,17.976258807992917,256
rev_yoy_3m,高,N=25,無門檻,0.5393235541215567,15.347402390808696,256
rev_yoy_3m,高,N=15,無門檻,0.35636851588427565,10.79409234938884,256
rev_yoy_3m,高,N=8,無門檻,0.46108110964254423,14.33770572480042,256
rev_yoy_3m,低,top20%,無門檻,0.05073516608595572,2.102908022756722,256
rev_yoy_3m,低,top10%,無門檻,-0.060199470703603215,-0.36879235670159716,256
rev_yoy_3m,低,top5%,無門檻,-0.13566847208743518,-2.0972657841295095,256
rev_yoy_3m,低,N=25,無門檻,-0.1091339179468529,-1.6083066845260063,256
rev_yoy_3m,低,N=15,無門檻,-0.024098119226279115,0.3723500176551209,256
rev_yoy_3m,低,N=8,無門檻,0.09705727026304324,3.7484066261377347,256
rev_accel,高,top20%,無門檻,0.38630508586781476,9.302546519305599,256
rev_accel,高,top10%,無門檻,0.4061327511302019,9.907072566489084,256
rev_accel,高,top5%,無門檻,0.33752923325928297,8.795095387627438,256
rev_accel,高,N=25,無門檻,0.3044926708316361,8.90756384186453,256
rev_accel,高,N=15,無門檻,0.28595147804398074,9.094206785372027,256
rev_accel,高,N=8,無門檻,0.29904201886975756,11.018286518197629,256
rev_accel,低,top20%,無門檻,0.10557052350115324,3.2189703851317253,256
rev_accel,低,top10%,無門檻,0.09837344037629556,3.1221964820088433,256
rev_accel,低,top5%,無門檻,0.09601682673507861,3.130328602970911,256
rev_accel,低,N=25,無門檻,0.09357703148809236,3.2424425084880415,256
rev_accel,低,N=15,無門檻,0.12029547039112205,4.0969330984897745,256
rev_accel,低,N=8,無門檻,0.23054970617715106,7.154818030432475,256
high52_prox,高,top20%,無門檻,0.8717270970034331,16.97185897400546,256
high52_prox,高,top10%,無門檻,0.8679877385550402,17.260953052883533,256
high52_prox,高,top5%,無門檻,0.8209038043516086,17.899750100153476,256
high52_prox,高,N=25,無門檻,0.8017506657588878,19.211830980096156,256
high52_prox,高,N=15,無門檻,0.7013350162125325,17.941238444371123,256
high52_prox,高,N=8,無門檻,0.7349225258893598,21.152356834730735,256
high52_prox,低,top20%,無門檻,0.15688001600642454,5.218440776983191,256
high52_prox,低,top10%,無門檻,0.10194187585951217,3.958667536162186,256
high52_prox,低,top5%,無門檻,0.05785129506306409,2.848690281120514,256
high52_prox,低,N=25,無門檻,0.03541866435085329,2.163698641831191,256
high52_prox,低,N=15,無門檻,0.1273087236692396,5.524831244688477,256
high52_prox,低,N=8,無門檻,0.09166078368818796,4.716425966879578,256
rsi14,高,top20%,無門檻,0.25835739184927153,6.405869982944168,256
rsi14,高,top10%,無門檻,0.2569733860869255,6.559634307856532,256
rsi14,高,top5%,無門檻,0.13563644362379837,3.8789449652437913,256
rsi14,高,N=25,無門檻,0.11294426375737752,3.6074058504667494,256
rsi14,高,N=15,無門檻,0.16354840948708974,5.071509526786588,256
rsi14,高,N=8,無門檻,0.15454939654146654,5.388350793808594,256
rsi14,低,top20%,無門檻,0.19082838655873688,5.058026340922006,256
rsi14,低,top10%,無門檻,0.09711112070967984,3.0386891700575402,256
rsi14,低,top5%,無門檻,0.08584206395856388,2.857767883165807,256
rsi14,低,N=25,無門檻,0.05289022887525897,2.2137195144313893,256
rsi14,低,N=15,無門檻,0.04833036843664989,2.2288624567204263,256
rsi14,低,N=8,無門檻,0.0546661417176209,2.97243742039881,256
bbp20,高,top20%,無門檻,0.199608681360893,5.08763231096554,256
bbp20,高,top10%,無門檻,0.05421958896522218,2.1193623884840473,256
bbp20,高,top5%,無門檻,-0.026636042332043777,0.4444742958197967,256
bbp20,高,N=25,無門檻,-0.06595612449419257,-0.4732310581731958,256
bbp20,高,N=15,無門檻,-0.10857473779897392,-1.567564251255793,256
bbp20,高,N=8,無門檻,-0.2930097994327623,-6.715172637744948,256
bbp20,低,top20%,無門檻,0.11697730258721233,3.489758347569505,256
bbp20,低,top10%,無門檻,0.010333498525077551,1.221105109060927,256
bbp20,低,top5%,無門檻,-0.08550506272283298,-0.867760531750017,256
bbp20,低,N=25,無門檻,-0.10376333428277486,-1.3537802418215228,256
bbp20,低,N=15,無門檻,-0.042862914737311256,-0.0920284596017007,256
bbp20,低,N=8,無門檻,-0.020357655453685095,0.3009342400522197,256
ma_gap60,高,top20%,無門檻,0.4283998811244842,10.880838853775332,256
ma_gap60,高,top10%,無門檻,0.35366539250420387,10.024522906640598,256
ma_gap60,高,top5%,無門檻,0.31262529892262847,9.737520385685361,256
ma_gap60,高,N=25,無門檻,0.2574368698336643,9.24636500196998,256
ma_gap60,高,N=15,無門檻,0.29813384104525764,11.608962520709841,256
ma_gap60,高,N=8,無門檻,0.23668429103185074,11.14952730489913,256
ma_gap60,低,top20%,無門檻,0.20239462883872777,6.021954702745336,256
ma_gap60,低,top10%,無門檻,0.21140225176595995,6.590599896300842,256
ma_gap60,低,top5%,無門檻,0.22191028343338928,7.352221227153599,256
ma_gap60,低,N=25,無門檻,0.23809316576569498,8.57602713019332,256
ma_gap60,低,N=15,無門檻,0.2778033264832764,10.853315840924926,256
ma_gap60,低,N=8,無門檻,0.26018058682912826,12.557659539234667,256
vol60,高,top20%,無門檻,0.34858579217547253,11.218364375578528,256
vol60,高,top10%,無門檻,0.28791639029964367,9.984158190768966,256
vol60,高,top5%,無門檻,0.2801003156510823,10.350800147010508,256
vol60,高,N=25,無門檻,0.12501727578927965,5.5020244391987605,256
vol60,高,N=15,無門檻,0.08571480207547617,4.3596425426801755,256
vol60,高,N=8,無門檻,-0.07971369816636824,-2.5911498966637803,256
vol60,低,top20%,無門檻,0.5192026489703775,8.431329504059338,256
vol60,低,top10%,無門檻,0.37380066777427196,5.870953652157773,256
vol60,低,top5%,無門檻,0.2834457876004031,4.457601744914275,256
vol60,低,N=25,無門檻,0.17386096601398268,2.948932711598573,256
vol60,低,N=15,無門檻,0.10277045007875349,2.1243282151981457,256
vol60,低,N=8,無門檻,0.019167573967950553,1.2296305614714065,256
